/*
Navicat MySQL Data Transfer

Source Server         : mysql8
Source Server Version : 80027
Source Host           : localhost:3306
Source Database       : cncs

Target Server Type    : MYSQL
Target Server Version : 80027
File Encoding         : 65001

Date: 2024-06-13 11:22:04
*/

SET FOREIGN_KEY_CHECKS=0;

-- ----------------------------
-- Table structure for `a_appraise`
-- ----------------------------
DROP TABLE IF EXISTS `a_appraise`;
CREATE TABLE `a_appraise` (
  `id` varchar(255) CHARACTER SET utf8 COLLATE utf8_croatian_ci NOT NULL,
  `create_by` varchar(255) CHARACTER SET utf8 COLLATE utf8_croatian_ci DEFAULT NULL,
  `create_time` datetime(6) DEFAULT NULL,
  `del_flag` int NOT NULL,
  `update_by` varchar(255) CHARACTER SET utf8 COLLATE utf8_croatian_ci DEFAULT NULL,
  `update_time` datetime(6) DEFAULT NULL,
  `content` varchar(255) CHARACTER SET utf8 COLLATE utf8_croatian_ci DEFAULT NULL,
  `curriculum_id` varchar(255) CHARACTER SET utf8 COLLATE utf8_croatian_ci DEFAULT NULL,
  `curriculum_name` varchar(255) CHARACTER SET utf8 COLLATE utf8_croatian_ci DEFAULT NULL,
  `time` varchar(255) CHARACTER SET utf8 COLLATE utf8_croatian_ci DEFAULT NULL,
  `user_id` varchar(255) CHARACTER SET utf8 COLLATE utf8_croatian_ci DEFAULT NULL,
  `user_name` varchar(255) CHARACTER SET utf8 COLLATE utf8_croatian_ci DEFAULT NULL,
  PRIMARY KEY (`id`)
) ENGINE=InnoDB DEFAULT CHARSET=utf8mb3 COLLATE=utf8_croatian_ci;

-- ----------------------------
-- Records of a_appraise
-- ----------------------------
INSERT INTO `a_appraise` VALUES ('1708671271224610816', 'admin', '2023-10-02 10:32:31.363000', '0', null, null, '很好！', '1633746435046510592', 'Python程序设计', '2023-10-02 10:32:31', '1464764315201572864', '管理员');
INSERT INTO `a_appraise` VALUES ('1708671278346539008', 'admin', '2023-10-02 10:32:32.998000', '0', null, null, '很好！', '1633746435046510593', 'C++程序设计', '2023-10-02 10:32:32', '1464764315201572864', '管理员');
INSERT INTO `a_appraise` VALUES ('1708671286915502080', 'admin', '2023-10-02 10:32:35.037000', '0', null, null, '很好！', '1633746364720615424', 'Java程序设计', '2023-10-02 10:32:35', '1464764315201572864', '管理员');

-- ----------------------------
-- Table structure for `a_assignment`
-- ----------------------------
DROP TABLE IF EXISTS `a_assignment`;
CREATE TABLE `a_assignment` (
  `id` varchar(255) CHARACTER SET utf8 COLLATE utf8_croatian_ci NOT NULL,
  `create_by` varchar(255) CHARACTER SET utf8 COLLATE utf8_croatian_ci DEFAULT NULL,
  `create_time` datetime(6) DEFAULT NULL,
  `del_flag` int NOT NULL,
  `update_by` varchar(255) CHARACTER SET utf8 COLLATE utf8_croatian_ci DEFAULT NULL,
  `update_time` datetime(6) DEFAULT NULL,
  `curriculum_id` varchar(255) CHARACTER SET utf8 COLLATE utf8_croatian_ci DEFAULT NULL,
  `curriculum_name` varchar(255) CHARACTER SET utf8 COLLATE utf8_croatian_ci DEFAULT NULL,
  `file1` varchar(255) CHARACTER SET utf8 COLLATE utf8_croatian_ci DEFAULT NULL,
  `file2` varchar(255) CHARACTER SET utf8 COLLATE utf8_croatian_ci DEFAULT NULL,
  `title` varchar(255) CHARACTER SET utf8 COLLATE utf8_croatian_ci DEFAULT NULL,
  `user_id` varchar(255) CHARACTER SET utf8 COLLATE utf8_croatian_ci DEFAULT NULL,
  `user_name` varchar(255) CHARACTER SET utf8 COLLATE utf8_croatian_ci DEFAULT NULL,
  PRIMARY KEY (`id`)
) ENGINE=InnoDB DEFAULT CHARSET=utf8mb3 COLLATE=utf8_croatian_ci;

-- ----------------------------
-- Records of a_assignment
-- ----------------------------
INSERT INTO `a_assignment` VALUES ('1708672015851982849', 'admin', '2023-10-02 10:35:28.831000', '0', null, null, '1633746435046510592', 'Python程序设计', 'http://127.0.0.1:8080/zwz/file/view/1708672014753075200', '', '测试作业', '1464772465946398721', '用户B');
INSERT INTO `a_assignment` VALUES ('1708672040250249217', 'admin', '2023-10-02 10:35:34.646000', '0', null, null, '1633746435046510593', 'C++程序设计', 'http://127.0.0.1:8080/zwz/file/view/1708672036496347136', '', '测试作业', '1527830053524738048', '用户C');
INSERT INTO `a_assignment` VALUES ('1708672058747129857', 'admin', '2023-10-02 10:35:39.055000', '0', null, null, '1633746364720615424', 'Java程序设计', 'http://127.0.0.1:8080/zwz/file/view/1708672055320383488', '', '测试作业', '1464764315201572865', '用户A');

-- ----------------------------
-- Table structure for `a_course_resources`
-- ----------------------------
DROP TABLE IF EXISTS `a_course_resources`;
CREATE TABLE `a_course_resources` (
  `id` varchar(255) CHARACTER SET utf8 COLLATE utf8_croatian_ci NOT NULL,
  `create_by` varchar(255) CHARACTER SET utf8 COLLATE utf8_croatian_ci DEFAULT NULL,
  `create_time` datetime(6) DEFAULT NULL,
  `del_flag` int NOT NULL,
  `update_by` varchar(255) CHARACTER SET utf8 COLLATE utf8_croatian_ci DEFAULT NULL,
  `update_time` datetime(6) DEFAULT NULL,
  `curriculum_id` varchar(255) CHARACTER SET utf8 COLLATE utf8_croatian_ci DEFAULT NULL,
  `curriculum_name` varchar(255) CHARACTER SET utf8 COLLATE utf8_croatian_ci DEFAULT NULL,
  `file_url` varchar(255) CHARACTER SET utf8 COLLATE utf8_croatian_ci DEFAULT NULL,
  `title` varchar(255) CHARACTER SET utf8 COLLATE utf8_croatian_ci DEFAULT NULL,
  PRIMARY KEY (`id`)
) ENGINE=InnoDB DEFAULT CHARSET=utf8mb3 COLLATE=utf8_croatian_ci;

-- ----------------------------
-- Records of a_course_resources
-- ----------------------------
INSERT INTO `a_course_resources` VALUES ('1633995016261210112', 'admin', '2023-03-10 08:55:44.000000', '0', 'admin', '2023-03-10 08:57:04.113000', '1633746364720615424', 'Java程序设计', 'http://127.0.0.1:8080/zwz/file/view/1633994984086704128', 'java测试资源');
INSERT INTO `a_course_resources` VALUES ('1633995394893615104', 'admin', '2023-03-10 08:57:15.003000', '0', null, null, '1633746364720615424', 'Java程序设计', 'http://127.0.0.1:8080/zwz/file/view/1633995379529879552', 'java测试2');
INSERT INTO `a_course_resources` VALUES ('1634026569183924224', 'admin', '2023-03-10 11:01:07.558000', '0', null, null, '1633746435046510592', 'Python程序设计', 'http://127.0.0.1:8080/zwz/file/view/1634026563374813184', '测试Python啦啦啦');

-- ----------------------------
-- Table structure for `a_curriculum`
-- ----------------------------
DROP TABLE IF EXISTS `a_curriculum`;
CREATE TABLE `a_curriculum` (
  `id` varchar(255) CHARACTER SET utf8 COLLATE utf8_croatian_ci NOT NULL,
  `create_by` varchar(255) CHARACTER SET utf8 COLLATE utf8_croatian_ci DEFAULT NULL,
  `create_time` datetime(6) DEFAULT NULL,
  `del_flag` int NOT NULL,
  `update_by` varchar(255) CHARACTER SET utf8 COLLATE utf8_croatian_ci DEFAULT NULL,
  `update_time` datetime(6) DEFAULT NULL,
  `content` varchar(255) CHARACTER SET utf8 COLLATE utf8_croatian_ci DEFAULT NULL,
  `image` varchar(255) CHARACTER SET utf8 COLLATE utf8_croatian_ci DEFAULT NULL,
  `status` varchar(255) CHARACTER SET utf8 COLLATE utf8_croatian_ci DEFAULT NULL,
  `title` varchar(255) CHARACTER SET utf8 COLLATE utf8_croatian_ci DEFAULT NULL,
  PRIMARY KEY (`id`)
) ENGINE=InnoDB DEFAULT CHARSET=utf8mb3 COLLATE=utf8_croatian_ci;

-- ----------------------------
-- Records of a_curriculum
-- ----------------------------
INSERT INTO `a_curriculum` VALUES ('1633746364720615424', 'admin', '2023-03-09 16:27:41.578000', '0', null, null, 'Java程序设计Java程序设计Java程序设计Java程序设计', 'https://asoa-1305425069.cos.ap-shanghai.myqcloud.com/1676071506217668608.png', '正常', 'Java程序设计');
INSERT INTO `a_curriculum` VALUES ('1633746435046510592', 'admin', '2023-03-09 16:27:58.339000', '0', null, null, 'Python程序设计Python程序设计Python程序设计Python程序设计', 'https://asoa-1305425069.cos.ap-shanghai.myqcloud.com/1676071540472549376.png', '正常', 'Python程序设计');
INSERT INTO `a_curriculum` VALUES ('1633746435046510593', 'admin', '2023-03-09 16:27:58.339000', '0', null, null, 'C++程序设计C++程序设计C++程序设计C++程序设计C++程序设计C++程序设计C++程序设计C++程序设计', 'https://asoa-1305425069.cos.ap-shanghai.myqcloud.com/1676071570386325504.png', '正常', 'C++程序设计');

-- ----------------------------
-- Table structure for `a_department`
-- ----------------------------
DROP TABLE IF EXISTS `a_department`;
CREATE TABLE `a_department` (
  `id` varchar(255) NOT NULL,
  `create_by` varchar(255) DEFAULT NULL,
  `create_time` datetime(6) DEFAULT NULL,
  `del_flag` int DEFAULT NULL,
  `update_by` varchar(255) DEFAULT NULL,
  `update_time` datetime(6) DEFAULT NULL,
  `parent_id` varchar(255) DEFAULT NULL,
  `sort_order` decimal(10,2) DEFAULT NULL,
  `status` int DEFAULT NULL,
  `title` varchar(255) DEFAULT NULL,
  `is_parent` bit(1) DEFAULT NULL,
  PRIMARY KEY (`id`)
) ENGINE=InnoDB DEFAULT CHARSET=utf8mb3;

-- ----------------------------
-- Records of a_department
-- ----------------------------
INSERT INTO `a_department` VALUES ('1464487288363945985', 'admin', '2022-03-20 09:46:20.000000', '0', 'admin', '2022-03-20 09:46:20.000000', '0', '1.00', '0', '部门A', '');
INSERT INTO `a_department` VALUES ('1464487332064399361', 'admin', '2022-03-20 09:46:20.000000', '0', 'admin', '2022-03-20 09:46:20.000000', '0', '2.00', '0', '部门B', '');
INSERT INTO `a_department` VALUES ('1464487379074158593', 'admin', '2022-03-20 09:46:20.000000', '0', 'admin', '2022-03-20 09:46:20.000000', '0', '3.00', '0', '部门C', '');

-- ----------------------------
-- Table structure for `a_department_header`
-- ----------------------------
DROP TABLE IF EXISTS `a_department_header`;
CREATE TABLE `a_department_header` (
  `id` varchar(255) NOT NULL,
  `create_by` varchar(255) DEFAULT NULL,
  `create_time` datetime(6) DEFAULT NULL,
  `del_flag` int NOT NULL,
  `update_by` varchar(255) DEFAULT NULL,
  `update_time` datetime(6) DEFAULT NULL,
  `department_id` varchar(255) DEFAULT NULL,
  `type` int DEFAULT NULL,
  `user_id` varchar(255) DEFAULT NULL,
  PRIMARY KEY (`id`)
) ENGINE=InnoDB DEFAULT CHARSET=utf8mb3;

-- ----------------------------
-- Records of a_department_header
-- ----------------------------

-- ----------------------------
-- Table structure for `a_dict`
-- ----------------------------
DROP TABLE IF EXISTS `a_dict`;
CREATE TABLE `a_dict` (
  `id` varchar(255) NOT NULL,
  `create_by` varchar(255) DEFAULT NULL,
  `create_time` datetime(6) DEFAULT NULL,
  `del_flag` int NOT NULL,
  `update_by` varchar(255) DEFAULT NULL,
  `update_time` datetime(6) DEFAULT NULL,
  `description` varchar(255) DEFAULT NULL,
  `title` varchar(255) DEFAULT NULL,
  `type` varchar(255) DEFAULT NULL,
  `sort_order` decimal(10,2) DEFAULT NULL,
  PRIMARY KEY (`id`)
) ENGINE=InnoDB DEFAULT CHARSET=utf8mb3;

-- ----------------------------
-- Records of a_dict
-- ----------------------------
INSERT INTO `a_dict` VALUES ('1536612750841745408', 'admin', '2022-06-14 15:33:23.000000', '0', null, null, '', '学历', 'education', '3.00');
INSERT INTO `a_dict` VALUES ('1536613395229446144', 'admin', '2022-06-14 15:35:57.000000', '0', null, null, '', '在职状态', 'occupationStatus', '4.00');
INSERT INTO `a_dict` VALUES ('75135930788220928', 'admin', '2022-03-20 09:46:20.000000', '0', 'admin', '2022-03-20 09:46:20.000000', '', '性别', 'sex', '0.00');
INSERT INTO `a_dict` VALUES ('75388696739713024', 'admin', '2022-03-20 09:46:20.000000', '0', 'admin', '2022-03-20 09:46:20.000000', '', '分权限', 'permission_type', '2.00');

-- ----------------------------
-- Table structure for `a_dict_data`
-- ----------------------------
DROP TABLE IF EXISTS `a_dict_data`;
CREATE TABLE `a_dict_data` (
  `id` varchar(255) NOT NULL,
  `create_by` varchar(255) DEFAULT NULL,
  `create_time` datetime(6) DEFAULT NULL,
  `del_flag` int NOT NULL,
  `update_by` varchar(255) DEFAULT NULL,
  `update_time` datetime(6) DEFAULT NULL,
  `description` varchar(255) DEFAULT NULL,
  `dict_id` varchar(255) DEFAULT NULL,
  `sort_order` decimal(10,2) DEFAULT NULL,
  `status` int DEFAULT NULL,
  `title` varchar(255) DEFAULT NULL,
  `value` varchar(255) DEFAULT NULL,
  PRIMARY KEY (`id`),
  KEY `sort_order` (`sort_order`) USING BTREE
) ENGINE=InnoDB DEFAULT CHARSET=utf8mb3;

-- ----------------------------
-- Records of a_dict_data
-- ----------------------------
INSERT INTO `a_dict_data` VALUES ('1536612796106674176', 'admin', '2022-06-14 15:33:34.000000', '0', null, null, '', '1536612750841745408', '1.00', '0', '博士', '博士');
INSERT INTO `a_dict_data` VALUES ('1536612834962706432', 'admin', '2022-06-14 15:33:43.000000', '0', null, null, '', '1536612750841745408', '2.00', '0', '硕士', '硕士');
INSERT INTO `a_dict_data` VALUES ('1536612883465637888', 'admin', '2022-06-14 15:33:55.000000', '0', 'admin', '2022-06-14 15:34:13.000000', '', '1536612750841745408', '3.00', '0', '本科', '本科');
INSERT INTO `a_dict_data` VALUES ('1536612930576060416', 'admin', '2022-06-14 15:34:06.000000', '0', 'admin', '2022-06-14 15:34:11.000000', '', '1536612750841745408', '4.00', '0', '专科', '专科');
INSERT INTO `a_dict_data` VALUES ('1536612993519980544', 'admin', '2022-06-14 15:34:21.000000', '0', '', null, '', '1536612750841745408', '5.00', '0', '高中及以下', '高中及以下');
INSERT INTO `a_dict_data` VALUES ('1536613425902391296', 'admin', '2022-06-14 15:36:04.000000', '0', null, null, '', '1536613395229446144', '1.00', '0', '在职', '在职');
INSERT INTO `a_dict_data` VALUES ('1536613447544999936', 'admin', '2022-06-14 15:36:09.000000', '0', null, null, '', '1536613395229446144', '2.00', '0', '离职', '离职');
INSERT INTO `a_dict_data` VALUES ('75158227712479232', 'admin', '2022-03-20 09:46:20.000000', '0', 'admin', '2022-03-20 09:46:20.000000', '', '75135930788220928', '0.00', '0', '男', '男');
INSERT INTO `a_dict_data` VALUES ('75159254272577536', 'admin', '2022-03-20 09:46:20.000000', '0', 'admin', '2022-03-20 09:46:20.000000', '', '75135930788220928', '1.00', '0', '女', '女');
INSERT INTO `a_dict_data` VALUES ('75159898425397248', 'admin', '2022-03-20 09:46:20.000000', '0', 'admin', '2022-03-20 09:46:20.000000', '', '75135930788220928', '2.00', '-1', '保密', '保密');
INSERT INTO `a_dict_data` VALUES ('75390886501945344', 'admin', '2022-03-20 09:46:20.000000', '0', 'admin', '2022-03-20 09:46:20.000000', '', '75388696739713024', '1.00', '0', '添加操作(add)', 'add');
INSERT INTO `a_dict_data` VALUES ('75390993939042304', 'admin', '2022-03-20 09:46:20.000000', '0', 'admin', '2022-03-20 09:46:20.000000', '', '75388696739713024', '2.00', '0', '编辑操作(edit)', 'edit');
INSERT INTO `a_dict_data` VALUES ('75391067532300288', 'admin', '2022-03-20 09:46:20.000000', '0', 'admin', '2022-03-20 09:46:20.000000', '', '75388696739713024', '3.00', '0', '删除操作(delete)', 'delete');
INSERT INTO `a_dict_data` VALUES ('75391126902673408', 'admin', '2022-03-20 09:46:20.000000', '0', 'admin', '2022-03-20 09:46:20.000000', '', '75388696739713024', '4.00', '0', '清空操作(clear)', 'clear');
INSERT INTO `a_dict_data` VALUES ('75391192883269632', 'admin', '2022-03-20 09:46:20.000000', '0', 'admin', '2022-03-20 09:46:20.000000', '', '75388696739713024', '5.00', '0', '启用操作(enable)', 'enable');
INSERT INTO `a_dict_data` VALUES ('75391251024711680', 'admin', '2022-03-20 09:46:20.000000', '0', 'admin', '2022-03-20 09:46:20.000000', '', '75388696739713024', '6.00', '0', '禁用操作(disable)', 'disable');
INSERT INTO `a_dict_data` VALUES ('75391297124306944', 'admin', '2022-03-20 09:46:20.000000', '0', 'admin', '2022-03-20 09:46:20.000000', '', '75388696739713024', '7.00', '0', '搜索操作(search)', 'search');
INSERT INTO `a_dict_data` VALUES ('75391343379091456', 'admin', '2022-03-20 09:46:20.000000', '0', 'admin', '2022-03-20 09:46:20.000000', '', '75388696739713024', '8.00', '0', '上传文件(upload)', 'upload');
INSERT INTO `a_dict_data` VALUES ('75391407526776832', 'admin', '2022-03-20 09:46:20.000000', '0', 'admin', '2022-03-20 09:46:20.000000', '', '75388696739713024', '9.00', '0', '导出操作(output)', 'output');
INSERT INTO `a_dict_data` VALUES ('75391475042488320', 'admin', '2022-03-20 09:46:20.000000', '0', 'admin', '2022-03-20 09:46:20.000000', '', '75388696739713024', '10.00', '0', '导入操作(input)', 'input');

-- ----------------------------
-- Table structure for `a_file`
-- ----------------------------
DROP TABLE IF EXISTS `a_file`;
CREATE TABLE `a_file` (
  `id` varchar(255) NOT NULL,
  `create_by` varchar(255) DEFAULT NULL,
  `create_time` datetime(6) DEFAULT NULL,
  `del_flag` int NOT NULL,
  `update_by` varchar(255) DEFAULT NULL,
  `update_time` datetime(6) DEFAULT NULL,
  `name` varchar(255) DEFAULT NULL,
  `size` bigint unsigned DEFAULT NULL,
  `type` varchar(255) DEFAULT NULL,
  `url` varchar(255) DEFAULT NULL,
  `f_key` varchar(255) DEFAULT NULL,
  `location` int DEFAULT NULL,
  PRIMARY KEY (`id`),
  KEY `create_time` (`create_time`) USING BTREE
) ENGINE=InnoDB DEFAULT CHARSET=utf8mb3;

-- ----------------------------
-- Records of a_file
-- ----------------------------
INSERT INTO `a_file` VALUES ('1663718815558668288', 'admin', '2023-05-31 09:27:31.000000', '0', null, null, '头像V2.png', '169931', 'image/png', 'C:\\\\oa-file/20230531/864d0a82f9b74402a6d0d825eb24d2b9.png', '864d0a82f9b74402a6d0d825eb24d2b9.png', '0');
INSERT INTO `a_file` VALUES ('1663726644403245056', 'admin', '2023-05-31 09:58:37.238000', '0', null, null, '1680233479380_a72b67c28ce9442e5d220d11b0b4fddd.png', '312953', 'image/png', 'C:\\\\oa-file/20230531/cc07dec3cf4a48f3a90fc5f4f59f4573.png', 'cc07dec3cf4a48f3a90fc5f4f59f4573.png', '0');
INSERT INTO `a_file` VALUES ('1663726667207675904', 'admin', '2023-05-31 09:58:42.671000', '0', null, null, 'SQLite封面.png', '65907', 'image/png', 'C:\\\\oa-file/20230531/5b4a665aa08d44928a931dbe07f7950e.png', '5b4a665aa08d44928a931dbe07f7950e.png', '0');
INSERT INTO `a_file` VALUES ('1663726703383547904', 'admin', '2023-05-31 09:58:51.295000', '0', null, null, '封面.png', '1571947', 'image/png', 'C:\\\\oa-file/20230531/600f79aee5e24a25b25abb786c4a64e5.png', '600f79aee5e24a25b25abb786c4a64e5.png', '0');
INSERT INTO `a_file` VALUES ('1663727083915972608', 'admin', '2023-05-31 10:00:22.017000', '0', null, null, '测试PDF.pdf', '369573', 'application/pdf', 'C:\\\\oa-file/20230531/a8ba652e01e44946a01c236533d25e7c.pdf', 'a8ba652e01e44946a01c236533d25e7c.pdf', '0');
INSERT INTO `a_file` VALUES ('1708671343446331392', 'admin', '2023-10-02 10:32:48.531000', '0', null, null, '需求文档.pdf', '201020', 'application/pdf', 'C:\\\\oa-file/20231002/f8d248353702495296deeeee8f306313.pdf', 'f8d248353702495296deeeee8f306313.pdf', '0');
INSERT INTO `a_file` VALUES ('1708671389483012096', 'admin', '2023-10-02 10:32:59.500000', '0', null, null, '需求文档.pdf', '201020', 'application/pdf', 'C:\\\\oa-file/20231002/5d6157687dc2476bb5d1b65a5ae7e89e.pdf', '5d6157687dc2476bb5d1b65a5ae7e89e.pdf', '0');
INSERT INTO `a_file` VALUES ('1708671432420102144', 'admin', '2023-10-02 10:33:09.734000', '0', null, null, '需求文档.pdf', '201020', 'application/pdf', 'C:\\\\oa-file/20231002/9495812b19d24886ac5d8c52cf6586d5.pdf', '9495812b19d24886ac5d8c52cf6586d5.pdf', '0');
INSERT INTO `a_file` VALUES ('1708672014753075200', 'admin', '2023-10-02 10:35:28.577000', '0', null, null, '需求文档.pdf', '201020', 'application/pdf', 'C:\\\\oa-file/20231002/01d69d820d504ded84ab3349b5f75c94.pdf', '01d69d820d504ded84ab3349b5f75c94.pdf', '0');
INSERT INTO `a_file` VALUES ('1708672036496347136', 'admin', '2023-10-02 10:35:33.755000', '0', null, null, '需求文档.pdf', '201020', 'application/pdf', 'C:\\\\oa-file/20231002/584d7f4937214b9c98a8f1ef263f5232.pdf', '584d7f4937214b9c98a8f1ef263f5232.pdf', '0');
INSERT INTO `a_file` VALUES ('1708672055320383488', 'admin', '2023-10-02 10:35:38.247000', '0', null, null, '需求文档.pdf', '201020', 'application/pdf', 'C:\\\\oa-file/20231002/423b8697be67449e870fbaca5390b348.pdf', '423b8697be67449e870fbaca5390b348.pdf', '0');
INSERT INTO `a_file` VALUES ('1801066583913795584', 'admin', '2024-06-13 09:38:30.472000', '0', null, null, 'logo-min.png', '169254', 'image/png', 'C:\\\\oa-file/20240613/e801ed73951b42e1a27ca779b9be006b.png', 'e801ed73951b42e1a27ca779b9be006b.png', '0');
INSERT INTO `a_file` VALUES ('1801066714872549376', 'admin', '2024-06-13 09:39:01.690000', '0', null, null, 'logo-min.png', '169254', 'image/png', 'C:\\\\oa-file/20240613/7f31c29acaf34655babdb2891ec1012a.png', '7f31c29acaf34655babdb2891ec1012a.png', '0');
INSERT INTO `a_file` VALUES ('1801066741741260800', 'admin', '2024-06-13 09:39:08.099000', '0', null, null, 'logo-min.png', '169254', 'image/png', 'C:\\\\oa-file/20240613/49f713a5c20c4f3692ccdd9a918f8789.png', '49f713a5c20c4f3692ccdd9a918f8789.png', '0');
INSERT INTO `a_file` VALUES ('1801066762851192832', 'admin', '2024-06-13 09:39:13.128000', '0', null, null, 'logo-min.png', '169254', 'image/png', 'C:\\\\oa-file/20240613/6e874c7d598843ff8f97d5fed9e99542.png', '6e874c7d598843ff8f97d5fed9e99542.png', '0');

-- ----------------------------
-- Table structure for `a_log`
-- ----------------------------
DROP TABLE IF EXISTS `a_log`;
CREATE TABLE `a_log` (
  `id` varchar(255) NOT NULL,
  `create_by` varchar(255) DEFAULT NULL,
  `create_time` datetime(6) DEFAULT NULL,
  `del_flag` int NOT NULL,
  `update_by` varchar(255) DEFAULT NULL,
  `update_time` datetime(6) DEFAULT NULL,
  `cost_time` int unsigned DEFAULT NULL,
  `ip` varchar(255) DEFAULT NULL,
  `ip_info` varchar(255) DEFAULT NULL,
  `name` varchar(255) DEFAULT NULL,
  `request_param` text,
  `request_type` varchar(255) DEFAULT NULL,
  `request_url` varchar(255) DEFAULT NULL,
  `username` varchar(255) DEFAULT NULL,
  `log_type` int DEFAULT NULL,
  `code` varchar(255) DEFAULT NULL,
  `device` varchar(255) DEFAULT NULL,
  PRIMARY KEY (`id`),
  KEY `create_time` (`create_time`) USING BTREE
) ENGINE=InnoDB DEFAULT CHARSET=utf8mb3;

-- ----------------------------
-- Records of a_log
-- ----------------------------
INSERT INTO `a_log` VALUES ('1536883393592168448', null, '2022-06-15 09:28:50.000000', '0', null, '2022-06-15 09:28:50.000000', '287', '127.0.0.1', '本地测试', '登录系统', '{\"password\":\"密码隐藏\",\"code\":\"8817\",\"saveLogin\":\"true\",\"captchaId\":\"ef9e5437ff544c8b91d9810febcb58e7\",\"username\":\"admin\"}', 'POST', '/zwz/login', 'admin', '1', '', 'PC端 | Chrome 101.0.0.0 | Windows Windows 10 or Windows Server 2016');
INSERT INTO `a_log` VALUES ('1536883393592168449', null, '2022-06-15 09:28:50.000000', '0', null, '2022-06-15 09:28:50.000000', '263', '127.0.0.1', '本地测试', '获取当前登录用户', '{}', 'GET', '/zwz/user/info', 'admin', '2', 'USER-02', 'PC端 | Chrome 101.0.0.0 | Windows Windows 10 or Windows Server 2016');
INSERT INTO `a_log` VALUES ('1536883394787545090', null, '2022-06-15 09:28:50.000000', '0', null, '2022-06-15 09:28:50.000000', '43', '127.0.0.1', '本地测试', '查询菜单', '{}', 'GET', '/zwz/permission/getMenuList', 'admin', '2', 'PERMISSION-02', 'PC端 | Chrome 101.0.0.0 | Windows Windows 10 or Windows Server 2016');
INSERT INTO `a_log` VALUES ('1536883395219558400', null, '2022-06-15 09:28:50.000000', '0', null, '2022-06-15 09:28:50.000000', '69', '127.0.0.1', '本地测试', '查询个人门户菜单B', '{}', 'POST', '/zwz/myDoor/getMyDoorList6', 'admin', '2', 'MY-DOOR-02', 'PC端 | Chrome 101.0.0.0 | Windows Windows 10 or Windows Server 2016');
INSERT INTO `a_log` VALUES ('1536883401452294144', null, '2022-06-15 09:28:52.000000', '0', null, '2022-06-15 09:28:52.000000', '76', '127.0.0.1', '本地测试', '查询日志', '{\"logType\":\"1\",\"pageNumber\":\"1\",\"endDate\":\"\",\"pageSize\":\"15\",\"sort\":\"createTime\",\"ipInfo\":\"\",\"startDate\":\"\",\"key\":\"\",\"order\":\"desc\"}', 'GET', '/zwz/log/getAllByPage', 'admin', '2', 'LOG-01', 'PC端 | Chrome 101.0.0.0 | Windows Windows 10 or Windows Server 2016');
INSERT INTO `a_log` VALUES ('1536883413934542848', null, '2022-06-15 09:28:54.000000', '0', null, '2022-06-15 09:28:54.000000', '40', '127.0.0.1', '本地测试', '查询子部门', '{}', 'GET', '/zwz/department/getByParentId', 'admin', '2', 'DEP-01', 'PC端 | Chrome 101.0.0.0 | Windows Windows 10 or Windows Server 2016');
INSERT INTO `a_log` VALUES ('1536883415226388480', null, '2022-06-15 09:28:55.000000', '0', null, '2022-06-15 09:28:55.000000', '39', '127.0.0.1', '本地测试', '查询全部角色', '{}', 'GET', '/zwz/role/getAllList', 'admin', '2', 'ROLE-01', 'PC端 | Chrome 101.0.0.0 | Windows Windows 10 or Windows Server 2016');
INSERT INTO `a_log` VALUES ('1536883415259942913', null, '2022-06-15 09:28:55.000000', '0', null, '2022-06-15 09:28:55.000000', '49', '127.0.0.1', '本地测试', '查询单个数据字典的值', '{}', 'GET', '/zwz/dictData/getByType/sex', 'admin', '2', 'DICT_DATA-01', 'PC端 | Chrome 101.0.0.0 | Windows Windows 10 or Windows Server 2016');
INSERT INTO `a_log` VALUES ('1536883415280914432', null, '2022-06-15 09:28:55.000000', '0', null, '2022-06-15 09:28:55.000000', '94', '127.0.0.1', '本地测试', '查询用户', '{\"pageNumber\":\"1\",\"departmentId\":\"\",\"nickname\":\"\",\"pageSize\":\"20\",\"sort\":\"createTime\",\"order\":\"desc\"}', 'GET', '/zwz/user/getUserList', 'admin', '2', 'USER-07', 'PC端 | Chrome 101.0.0.0 | Windows Windows 10 or Windows Server 2016');
INSERT INTO `a_log` VALUES ('1536883415444492288', null, '2022-06-15 09:28:55.000000', '0', null, '2022-06-15 09:28:55.000000', '36', '127.0.0.1', '本地测试', '查询子部门', '{}', 'GET', '/zwz/department/getByParentId', 'admin', '2', 'DEP-01', 'PC端 | Chrome 101.0.0.0 | Windows Windows 10 or Windows Server 2016');
INSERT INTO `a_log` VALUES ('1536883420095975424', null, '2022-06-15 09:28:56.000000', '0', null, '2022-06-15 09:28:56.000000', '40', '127.0.0.1', '本地测试', '查询子部门', '{}', 'GET', '/zwz/department/getByParentId', 'admin', '2', 'DEP-01', 'PC端 | Chrome 101.0.0.0 | Windows Windows 10 or Windows Server 2016');
INSERT INTO `a_log` VALUES ('1536883420171472896', null, '2022-06-15 09:28:56.000000', '0', null, '2022-06-15 09:28:56.000000', '58', '127.0.0.1', '本地测试', '查询用户', '{\"pageNumber\":\"1\",\"departmentId\":\"\",\"pageSize\":\"10\",\"sort\":\"createTime\",\"order\":\"desc\"}', 'GET', '/zwz/myUser/getByPage', 'admin', '2', 'USER-01', 'PC端 | Chrome 101.0.0.0 | Windows Windows 10 or Windows Server 2016');
INSERT INTO `a_log` VALUES ('1536883421131968513', null, '2022-06-15 09:28:56.000000', '0', null, '2022-06-15 09:28:56.000000', '38', '127.0.0.1', '本地测试', '查询子部门', '{}', 'GET', '/zwz/department/getByParentId', 'admin', '2', 'DEP-01', 'PC端 | Chrome 101.0.0.0 | Windows Windows 10 or Windows Server 2016');
INSERT INTO `a_log` VALUES ('1536883423262674944', null, '2022-06-15 09:28:57.000000', '0', null, '2022-06-15 09:28:57.000000', '50', '127.0.0.1', '本地测试', '查询系统文件', '{\"pageNumber\":\"1\",\"endDate\":\"\",\"fkey\":\"\",\"name\":\"\",\"pageSize\":\"15\",\"sort\":\"createTime\",\"type\":\"\",\"startDate\":\"\",\"order\":\"desc\"}', 'GET', '/zwz/file/getByCondition', 'admin', '2', 'FILE-01', 'PC端 | Chrome 101.0.0.0 | Windows Windows 10 or Windows Server 2016');
INSERT INTO `a_log` VALUES ('1536883424516771840', null, '2022-06-15 09:28:57.000000', '0', null, '2022-06-15 09:28:57.000000', '41', '127.0.0.1', '本地测试', '查看单个配置', '{\"id\":\"FILE_HTTP\"}', 'GET', '/zwz/setting/getOne', 'admin', '2', 'SETTING-01', 'PC端 | Chrome 101.0.0.0 | Windows Windows 10 or Windows Server 2016');
INSERT INTO `a_log` VALUES ('1536883424516771841', null, '2022-06-15 09:28:57.000000', '0', null, '2022-06-15 09:28:57.000000', '34', '127.0.0.1', '本地测试', '查看单个配置', '{\"id\":\"FILE_PATH\"}', 'GET', '/zwz/setting/getOne', 'admin', '2', 'SETTING-01', 'PC端 | Chrome 101.0.0.0 | Windows Windows 10 or Windows Server 2016');
INSERT INTO `a_log` VALUES ('1536883424516771842', null, '2022-06-15 09:28:57.000000', '0', null, '2022-06-15 09:28:57.000000', '44', '127.0.0.1', '本地测试', '查看单个配置', '{\"id\":\"FILE_VIEW\"}', 'GET', '/zwz/setting/getOne', 'admin', '2', 'SETTING-01', 'PC端 | Chrome 101.0.0.0 | Windows Windows 10 or Windows Server 2016');
INSERT INTO `a_log` VALUES ('1536883426920108032', null, '2022-06-15 09:28:58.000000', '0', null, '2022-06-15 09:28:58.000000', '55', '127.0.0.1', '本地测试', '查询角色', '{\"pageNumber\":\"1\",\"pageSize\":\"15\",\"sort\":\"createTime\",\"order\":\"desc\"}', 'GET', '/zwz/role/getAllByPage', 'admin', '2', 'ROLE-02', 'PC端 | Chrome 101.0.0.0 | Windows Windows 10 or Windows Server 2016');
INSERT INTO `a_log` VALUES ('1536883430367825920', null, '2022-06-15 09:28:58.000000', '0', null, '2022-06-15 09:28:58.000000', '45', '127.0.0.1', '本地测试', '查询单个数据字典的值', '{}', 'GET', '/zwz/dictData/getByType/permission_type', 'admin', '2', 'DICT_DATA-01', 'PC端 | Chrome 101.0.0.0 | Windows Windows 10 or Windows Server 2016');
INSERT INTO `a_log` VALUES ('1536883433186398208', null, '2022-06-15 09:28:59.000000', '0', null, '2022-06-15 09:28:59.000000', '43', '127.0.0.1', '本地测试', '查询日志', '{\"logType\":\"1\",\"pageNumber\":\"1\",\"endDate\":\"\",\"pageSize\":\"15\",\"sort\":\"createTime\",\"ipInfo\":\"\",\"startDate\":\"\",\"key\":\"\",\"order\":\"desc\"}', 'GET', '/zwz/log/getAllByPage', 'admin', '2', 'LOG-01', 'PC端 | Chrome 101.0.0.0 | Windows Windows 10 or Windows Server 2016');
INSERT INTO `a_log` VALUES ('1536883444859146240', null, '2022-06-15 09:29:02.000000', '0', null, '2022-06-15 09:29:02.000000', '50', '127.0.0.1', '本地测试', '查询所有数据字典', '{}', 'GET', '/zwz/dict/getAll', 'admin', '2', 'DICT-01', 'PC端 | Chrome 101.0.0.0 | Windows Windows 10 or Windows Server 2016');
INSERT INTO `a_log` VALUES ('1536883444947226624', null, '2022-06-15 09:29:02.000000', '0', null, '2022-06-15 09:29:02.000000', '59', '127.0.0.1', '本地测试', '查询数据字典值', '{\"pageNumber\":\"1\",\"name\":\"\",\"pageSize\":\"10\",\"sort\":\"sortOrder\",\"status\":\"\",\"order\":\"asc\"}', 'GET', '/zwz/dictData/getByCondition', 'admin', '2', 'DICT_DATA-02', 'PC端 | Chrome 101.0.0.0 | Windows Windows 10 or Windows Server 2016');
INSERT INTO `a_log` VALUES ('1536883446968881152', null, '2022-06-15 09:29:02.000000', '0', null, '2022-06-15 09:29:02.000000', '43', '127.0.0.1', '本地测试', '查询个人门户菜单B', '{}', 'POST', '/zwz/myDoor/getMyDoorList6', 'admin', '2', 'MY-DOOR-02', 'PC端 | Chrome 101.0.0.0 | Windows Windows 10 or Windows Server 2016');
INSERT INTO `a_log` VALUES ('1536883451238682624', null, '2022-06-15 09:29:03.000000', '0', null, '2022-06-15 09:29:03.000000', '52', '127.0.0.1', '本地测试', '查询单个数据字典的值', '{}', 'GET', '/zwz/dictData/getByType/sex', 'admin', '2', 'DICT_DATA-01', 'PC端 | Chrome 101.0.0.0 | Windows Windows 10 or Windows Server 2016');
INSERT INTO `a_log` VALUES ('1536883451347734528', null, '2022-06-15 09:29:03.000000', '0', null, '2022-06-15 09:29:03.000000', '65', '127.0.0.1', '本地测试', '查询学生', '{\"pageNumber\":\"1\",\"pageSize\":\"15\",\"sort\":\"createTime\",\"order\":\"desc\"}', 'GET', '/zwz/student/getByPage', 'admin', '3', 'STUDENT-04', 'PC端 | Chrome 101.0.0.0 | Windows Windows 10 or Windows Server 2016');
INSERT INTO `a_log` VALUES ('1536883452538916864', null, '2022-06-15 09:29:04.000000', '0', null, '2022-06-15 09:29:04.000000', '43', '127.0.0.1', '本地测试', '查询单个数据字典的值', '{}', 'GET', '/zwz/dictData/getByType/education', 'admin', '2', 'DICT_DATA-01', 'PC端 | Chrome 101.0.0.0 | Windows Windows 10 or Windows Server 2016');
INSERT INTO `a_log` VALUES ('1536883453881094144', null, '2022-06-15 09:29:04.000000', '0', null, '2022-06-15 09:29:04.000000', '48', '127.0.0.1', '本地测试', '查询教师', '{\"pageNumber\":\"1\",\"pageSize\":\"15\",\"sort\":\"createTime\",\"order\":\"desc\"}', 'GET', '/zwz/teacher/getByPage', 'admin', '3', 'TEACHER-04', 'PC端 | Chrome 101.0.0.0 | Windows Windows 10 or Windows Server 2016');
INSERT INTO `a_log` VALUES ('1536883466526920704', null, '2022-06-15 09:29:07.000000', '0', null, '2022-06-15 09:29:07.000000', '42', '127.0.0.1', '本地测试', '查询图表数据', '{}', 'GET', '/zwz/teacher/getAntvVoList', 'admin', '4', 'CHART-01', 'PC端 | Chrome 101.0.0.0 | Windows Windows 10 or Windows Server 2016');
INSERT INTO `a_log` VALUES ('1536883470083690496', null, '2022-06-15 09:29:08.000000', '0', null, '2022-06-15 09:29:08.000000', '46', '127.0.0.1', '本地测试', '查询个人门户菜单B', '{}', 'POST', '/zwz/myDoor/getMyDoorList6', 'admin', '2', 'MY-DOOR-02', 'PC端 | Chrome 101.0.0.0 | Windows Windows 10 or Windows Server 2016');
INSERT INTO `a_log` VALUES ('1536883482377195520', null, '2022-06-15 09:29:11.000000', '0', null, '2022-06-15 09:29:11.000000', '41', '127.0.0.1', '本地测试', '查询日志', '{\"logType\":\"1\",\"pageNumber\":\"1\",\"endDate\":\"\",\"pageSize\":\"15\",\"sort\":\"createTime\",\"ipInfo\":\"\",\"startDate\":\"\",\"key\":\"\",\"order\":\"desc\"}', 'GET', '/zwz/log/getAllByPage', 'admin', '2', 'LOG-01', 'PC端 | Chrome 101.0.0.0 | Windows Windows 10 or Windows Server 2016');
INSERT INTO `a_log` VALUES ('1536883484109443072', null, '2022-06-15 09:29:11.000000', '0', null, '2022-06-15 09:29:11.000000', '50', '127.0.0.1', '本地测试', '查询日志', '{\"logType\":\"2\",\"pageNumber\":\"1\",\"endDate\":\"\",\"pageSize\":\"15\",\"sort\":\"createTime\",\"ipInfo\":\"\",\"startDate\":\"\",\"key\":\"\",\"order\":\"desc\"}', 'GET', '/zwz/log/getAllByPage', 'admin', '2', 'LOG-01', 'PC端 | Chrome 101.0.0.0 | Windows Windows 10 or Windows Server 2016');
INSERT INTO `a_log` VALUES ('1536883506003709952', null, '2022-06-15 09:29:16.000000', '0', null, '2022-06-15 09:29:16.000000', '86', '127.0.0.1', '本地测试', '查询日志', '{\"logType\":\"3\",\"pageNumber\":\"1\",\"endDate\":\"\",\"pageSize\":\"15\",\"sort\":\"createTime\",\"ipInfo\":\"\",\"startDate\":\"\",\"key\":\"\",\"order\":\"desc\"}', 'GET', '/zwz/log/getAllByPage', 'admin', '2', 'LOG-01', 'PC端 | Chrome 101.0.0.0 | Windows Windows 10 or Windows Server 2016');
INSERT INTO `a_log` VALUES ('1536883509954744320', null, '2022-06-15 09:29:17.000000', '0', null, '2022-06-15 09:29:17.000000', '38', '127.0.0.1', '本地测试', '查询日志', '{\"logType\":\"4\",\"pageNumber\":\"1\",\"endDate\":\"\",\"pageSize\":\"15\",\"sort\":\"createTime\",\"ipInfo\":\"\",\"startDate\":\"\",\"key\":\"\",\"order\":\"desc\"}', 'GET', '/zwz/log/getAllByPage', 'admin', '2', 'LOG-01', 'PC端 | Chrome 101.0.0.0 | Windows Windows 10 or Windows Server 2016');
INSERT INTO `a_log` VALUES ('1536883517961670656', null, '2022-06-15 09:29:19.000000', '0', null, '2022-06-15 09:29:19.000000', '39', '127.0.0.1', '本地测试', '查询日志', '{\"logType\":\"1\",\"pageNumber\":\"1\",\"endDate\":\"\",\"pageSize\":\"15\",\"sort\":\"createTime\",\"ipInfo\":\"\",\"startDate\":\"\",\"key\":\"\",\"order\":\"desc\"}', 'GET', '/zwz/log/getAllByPage', 'admin', '2', 'LOG-01', 'PC端 | Chrome 101.0.0.0 | Windows Windows 10 or Windows Server 2016');
INSERT INTO `a_log` VALUES ('1658361809163390976', null, '2023-05-16 14:40:41.000000', '0', null, '2023-05-16 14:40:41.000000', '52', '127.0.0.1', '本地测试', '登录系统', '{\"username\":\"admin\",\"password\":\"\",\"code\":\"6572\",\"captchaId\":\"6720ebc919454634bec3152535dfb2f7\",\"saveLogin\":\"true\"}', 'POST', '/zwz/login', 'admin', '1', '', 'PC端 | Chrome 113.0.0.0 | Windows Windows 10 or Windows Server 2016');
INSERT INTO `a_log` VALUES ('1658361810711089152', null, '2023-05-16 14:40:41.000000', '0', null, '2023-05-16 14:40:41.000000', '35', '127.0.0.1', '本地测试', '获取当前登录用户', '{}', 'GET', '/zwz/user/info', 'admin', '2', 'USER-02', 'PC端 | Chrome 113.0.0.0 | Windows Windows 10 or Windows Server 2016');
INSERT INTO `a_log` VALUES ('1658361811726110720', null, '2023-05-16 14:40:41.000000', '0', null, '2023-05-16 14:40:41.000000', '52', '127.0.0.1', '本地测试', '查询菜单', '{}', 'GET', '/zwz/permission/getMenuList', 'admin', '2', 'PERMISSION-02', 'PC端 | Chrome 113.0.0.0 | Windows Windows 10 or Windows Server 2016');
INSERT INTO `a_log` VALUES ('1658361814729232384', null, '2023-05-16 14:40:42.000000', '0', null, '2023-05-16 14:40:42.000000', '41', '127.0.0.1', '本地测试', '查询菜单', '{}', 'GET', '/zwz/permission/getMenuList', 'admin', '2', 'PERMISSION-02', 'PC端 | Chrome 113.0.0.0 | Windows Windows 10 or Windows Server 2016');
INSERT INTO `a_log` VALUES ('1658361814972502016', null, '2023-05-16 14:40:42.000000', '0', null, '2023-05-16 14:40:42.000000', '66', '127.0.0.1', '本地测试', '查询个人门户菜单B', '{}', 'POST', '/zwz/myDoor/getMyDoorList6', 'admin', '2', 'MY-DOOR-02', 'PC端 | Chrome 113.0.0.0 | Windows Windows 10 or Windows Server 2016');
INSERT INTO `a_log` VALUES ('1658362015967744000', null, '2023-05-16 14:41:30.000000', '0', null, '2023-05-16 14:41:30.000000', '56', '127.0.0.1', '本地测试', '登录系统', '{\"username\":\"admin\",\"password\":\"\",\"code\":\"1340\",\"captchaId\":\"c4f6841d7ddd41e591d25b969273f9a1\",\"saveLogin\":\"true\"}', 'POST', '/zwz/login', 'admin', '1', '', 'PC端 | Chrome 113.0.0.0 | Windows Windows 10 or Windows Server 2016');
INSERT INTO `a_log` VALUES ('1658362016018075648', null, '2023-05-16 14:41:30.000000', '0', null, '2023-05-16 14:41:30.000000', '56', '127.0.0.1', '本地测试', '获取当前登录用户', '{}', 'GET', '/zwz/user/info', 'admin', '2', 'USER-02', 'PC端 | Chrome 113.0.0.0 | Windows Windows 10 or Windows Server 2016');
INSERT INTO `a_log` VALUES ('1658362017679020032', null, '2023-05-16 14:41:31.000000', '0', null, '2023-05-16 14:41:31.000000', '36', '127.0.0.1', '本地测试', '查询菜单', '{}', 'GET', '/zwz/permission/getMenuList', 'admin', '2', 'PERMISSION-02', 'PC端 | Chrome 113.0.0.0 | Windows Windows 10 or Windows Server 2016');
INSERT INTO `a_log` VALUES ('1658362018035535872', null, '2023-05-16 14:41:31.000000', '0', null, '2023-05-16 14:41:31.000000', '36', '127.0.0.1', '本地测试', '查询个人门户菜单B', '{}', 'POST', '/zwz/myDoor/getMyDoorList6', 'admin', '2', 'MY-DOOR-02', 'PC端 | Chrome 113.0.0.0 | Windows Windows 10 or Windows Server 2016');
INSERT INTO `a_log` VALUES ('1658362039741059072', null, '2023-05-16 14:41:36.000000', '0', null, '2023-05-16 14:41:36.000000', '73', '127.0.0.1', '本地测试', '查询菜单', '{}', 'GET', '/zwz/permission/getMenuList', 'admin', '2', 'PERMISSION-02', 'PC端 | Chrome 113.0.0.0 | Windows Windows 10 or Windows Server 2016');
INSERT INTO `a_log` VALUES ('1658362040869326848', null, '2023-05-16 14:41:36.000000', '0', null, '2023-05-16 14:41:36.000000', '51', '127.0.0.1', '本地测试', '查询个人门户菜单B', '{}', 'POST', '/zwz/myDoor/getMyDoorList6', 'admin', '2', 'MY-DOOR-02', 'PC端 | Chrome 113.0.0.0 | Windows Windows 10 or Windows Server 2016');
INSERT INTO `a_log` VALUES ('1658362178484441088', null, '2023-05-16 14:42:09.000000', '0', null, '2023-05-16 14:42:09.000000', '70', '127.0.0.1', '本地测试', '登录系统', '{\"username\":\"admin\",\"password\":\"\",\"code\":\"3716\",\"captchaId\":\"81e7abf60b5e463aabee86b57f6ab460\",\"saveLogin\":\"true\"}', 'POST', '/zwz/login', 'admin', '1', '', 'PC端 | Chrome 113.0.0.0 | Windows Windows 10 or Windows Server 2016');
INSERT INTO `a_log` VALUES ('1658362179835006976', null, '2023-05-16 14:42:09.000000', '0', null, '2023-05-16 14:42:09.000000', '34', '127.0.0.1', '本地测试', '获取当前登录用户', '{}', 'GET', '/zwz/user/info', 'admin', '2', 'USER-02', 'PC端 | Chrome 113.0.0.0 | Windows Windows 10 or Windows Server 2016');
INSERT INTO `a_log` VALUES ('1658362180946497536', null, '2023-05-16 14:42:10.000000', '0', null, '2023-05-16 14:42:10.000000', '32', '127.0.0.1', '本地测试', '查询菜单', '{}', 'GET', '/zwz/permission/getMenuList', 'admin', '2', 'PERMISSION-02', 'PC端 | Chrome 113.0.0.0 | Windows Windows 10 or Windows Server 2016');
INSERT INTO `a_log` VALUES ('1658362181504339968', null, '2023-05-16 14:42:10.000000', '0', null, '2023-05-16 14:42:10.000000', '75', '127.0.0.1', '本地测试', '查询个人门户菜单B', '{}', 'POST', '/zwz/myDoor/getMyDoorList6', 'admin', '2', 'MY-DOOR-02', 'PC端 | Chrome 113.0.0.0 | Windows Windows 10 or Windows Server 2016');
INSERT INTO `a_log` VALUES ('1658362440305479680', null, '2023-05-16 14:43:11.000000', '0', null, '2023-05-16 14:43:11.000000', '95', '127.0.0.1', '本地测试', '登录系统', '{\"username\":\"admin\",\"password\":\"\",\"code\":\"5161\",\"captchaId\":\"2fccb8aec95a48199bdd35365270b793\",\"saveLogin\":\"true\"}', 'POST', '/zwz/login', 'admin', '1', '', 'PC端 | Chrome 113.0.0.0 | Windows Windows 10 or Windows Server 2016');
INSERT INTO `a_log` VALUES ('1658362440364199936', null, '2023-05-16 14:43:11.000000', '0', null, '2023-05-16 14:43:11.000000', '91', '127.0.0.1', '本地测试', '获取当前登录用户', '{}', 'GET', '/zwz/user/info', 'admin', '2', 'USER-02', 'PC端 | Chrome 113.0.0.0 | Windows Windows 10 or Windows Server 2016');
INSERT INTO `a_log` VALUES ('1658362442188722185', null, '2023-05-16 14:43:12.000000', '0', null, '2023-05-16 14:43:12.000000', '49', '127.0.0.1', '本地测试', '查询个人门户菜单B', '{}', 'POST', '/zwz/myDoor/getMyDoorList6', 'admin', '2', 'MY-DOOR-02', 'PC端 | Chrome 113.0.0.0 | Windows Windows 10 or Windows Server 2016');
INSERT INTO `a_log` VALUES ('1658362442406825984', null, '2023-05-16 14:43:12.000000', '0', null, '2023-05-16 14:43:12.000000', '97', '127.0.0.1', '本地测试', '查询菜单', '{}', 'GET', '/zwz/permission/getMenuList', 'admin', '2', 'PERMISSION-02', 'PC端 | Chrome 113.0.0.0 | Windows Windows 10 or Windows Server 2016');
INSERT INTO `a_log` VALUES ('1658362452213108736', null, '2023-05-16 14:43:14.000000', '0', null, '2023-05-16 14:43:14.000000', '51', '127.0.0.1', '本地测试', '查询单个数据字典的值', '{}', 'GET', '/zwz/dictData/getByType/permission_type', 'admin', '2', 'DICT_DATA-01', 'PC端 | Chrome 113.0.0.0 | Windows Windows 10 or Windows Server 2016');
INSERT INTO `a_log` VALUES ('1658362452355715072', null, '2023-05-16 14:43:14.000000', '0', null, '2023-05-16 14:43:14.000000', '72', '127.0.0.1', '本地测试', '查询全部菜单', '{}', 'GET', '/zwz/permission/getAllList', 'admin', '2', 'PERMISSION-04', 'PC端 | Chrome 113.0.0.0 | Windows Windows 10 or Windows Server 2016');
INSERT INTO `a_log` VALUES ('1658362463428677632', null, '2023-05-16 14:43:17.000000', '0', null, '2023-05-16 14:43:17.000000', '93', '127.0.0.1', '本地测试', '查询角色', '{\"pageNumber\":\"1\",\"pageSize\":\"15\",\"sort\":\"createTime\",\"order\":\"desc\"}', 'GET', '/zwz/role/getAllByPage', 'admin', '2', 'ROLE-02', 'PC端 | Chrome 113.0.0.0 | Windows Windows 10 or Windows Server 2016');
INSERT INTO `a_log` VALUES ('1658362494080651264', null, '2023-05-16 14:43:24.000000', '0', null, '2023-05-16 14:43:24.000000', '100', '127.0.0.1', '本地测试', '修改菜单权限', '{\"roleId\":\"1536606659751841799\",\"permIds\":\"125909152017944576,1464484663442673664,5129710648430594,56309618086776832,1530689602321518592,1535166438371889152,5129710648430593,40238597734928384,5129710648430595,41363147411427328,1536599942410407936,1536600125332393984,1536600268379131904,1536604417711804416,1536606273959759872,1536606372668510208,1536606464712511488,1536606550951596032,1536606637815631872,1536875505901506560\"}', 'POST', '/zwz/role/editRolePerm', 'admin', '2', 'ROLE-04', 'PC端 | Chrome 113.0.0.0 | Windows Windows 10 or Windows Server 2016');
INSERT INTO `a_log` VALUES ('1658362495276027904', null, '2023-05-16 14:43:24.000000', '0', null, '2023-05-16 14:43:24.000000', '65', '127.0.0.1', '本地测试', '查询菜单', '{}', 'GET', '/zwz/permission/getMenuList', 'admin', '2', 'PERMISSION-02', 'PC端 | Chrome 113.0.0.0 | Windows Windows 10 or Windows Server 2016');
INSERT INTO `a_log` VALUES ('1658362495976476673', null, '2023-05-16 14:43:25.000000', '0', null, '2023-05-16 14:43:25.000000', '54', '127.0.0.1', '本地测试', '查询角色', '{\"pageNumber\":\"1\",\"pageSize\":\"15\",\"sort\":\"createTime\",\"order\":\"desc\"}', 'GET', '/zwz/role/getAllByPage', 'admin', '2', 'ROLE-02', 'PC端 | Chrome 113.0.0.0 | Windows Windows 10 or Windows Server 2016');
INSERT INTO `a_log` VALUES ('1658362497784221696', null, '2023-05-16 14:43:25.000000', '0', null, '2023-05-16 14:43:25.000000', '43', '127.0.0.1', '本地测试', '查询单个数据字典的值', '{}', 'GET', '/zwz/dictData/getByType/permission_type', 'admin', '2', 'DICT_DATA-01', 'PC端 | Chrome 113.0.0.0 | Windows Windows 10 or Windows Server 2016');
INSERT INTO `a_log` VALUES ('1658362514016178176', null, '2023-05-16 14:43:29.000000', '0', null, '2023-05-16 14:43:29.000000', '52', '127.0.0.1', '本地测试', '删除菜单', '{\"ids\":\"1464485105081913345,1464485485316542465,5129710648430592,1530689520276738048,39915540965232640,1535166254703316992\"}', 'POST', '/zwz/permission/delByIds', 'admin', '2', 'PERMISSION-05', 'PC端 | Chrome 113.0.0.0 | Windows Windows 10 or Windows Server 2016');
INSERT INTO `a_log` VALUES ('1658362515098308608', null, '2023-05-16 14:43:29.000000', '0', null, '2023-05-16 14:43:29.000000', '54', '127.0.0.1', '本地测试', '查询菜单', '{}', 'GET', '/zwz/permission/getMenuList', 'admin', '2', 'PERMISSION-02', 'PC端 | Chrome 113.0.0.0 | Windows Windows 10 or Windows Server 2016');
INSERT INTO `a_log` VALUES ('1658362515542904832', null, '2023-05-16 14:43:29.000000', '0', null, '2023-05-16 14:43:29.000000', '43', '127.0.0.1', '本地测试', '查询单个数据字典的值', '{}', 'GET', '/zwz/dictData/getByType/permission_type', 'admin', '2', 'DICT_DATA-01', 'PC端 | Chrome 113.0.0.0 | Windows Windows 10 or Windows Server 2016');
INSERT INTO `a_log` VALUES ('1658362515706482688', null, '2023-05-16 14:43:29.000000', '0', null, '2023-05-16 14:43:29.000000', '78', '127.0.0.1', '本地测试', '查询全部菜单', '{}', 'GET', '/zwz/permission/getAllList', 'admin', '2', 'PERMISSION-04', 'PC端 | Chrome 113.0.0.0 | Windows Windows 10 or Windows Server 2016');
INSERT INTO `a_log` VALUES ('1658362741615890432', null, '2023-05-16 14:44:23.000000', '0', null, '2023-05-16 14:44:23.000000', '81', '127.0.0.1', '本地测试', '登录系统', '{\"username\":\"admin\",\"password\":\"\",\"code\":\"1583\",\"captchaId\":\"bc3842429d094429954a58abaade13ff\",\"saveLogin\":\"true\"}', 'POST', '/zwz/login', 'admin', '1', '', 'PC端 | Chrome 113.0.0.0 | Windows Windows 10 or Windows Server 2016');
INSERT INTO `a_log` VALUES ('1658362742261813248', null, '2023-05-16 14:44:23.000000', '0', null, '2023-05-16 14:44:23.000000', '43', '127.0.0.1', '本地测试', '获取当前登录用户', '{}', 'GET', '/zwz/user/info', 'admin', '2', 'USER-02', 'PC端 | Chrome 113.0.0.0 | Windows Windows 10 or Windows Server 2016');
INSERT INTO `a_log` VALUES ('1658362743050342400', null, '2023-05-16 14:44:24.000000', '0', null, '2023-05-16 14:44:24.000000', '58', '127.0.0.1', '本地测试', '查询菜单', '{}', 'GET', '/zwz/permission/getMenuList', 'admin', '2', 'PERMISSION-02', 'PC端 | Chrome 113.0.0.0 | Windows Windows 10 or Windows Server 2016');
INSERT INTO `a_log` VALUES ('1658362747857014784', null, '2023-05-16 14:44:25.000000', '0', null, '2023-05-16 14:44:25.000000', '45', '127.0.0.1', '本地测试', '查询菜单', '{}', 'GET', '/zwz/permission/getMenuList', 'admin', '2', 'PERMISSION-02', 'PC端 | Chrome 113.0.0.0 | Windows Windows 10 or Windows Server 2016');
INSERT INTO `a_log` VALUES ('1658362748788150272', null, '2023-05-16 14:44:25.000000', '0', null, '2023-05-16 14:44:25.000000', '50', '127.0.0.1', '本地测试', '查询个人门户菜单B', '{}', 'POST', '/zwz/myDoor/getMyDoorList6', 'admin', '2', 'MY-DOOR-02', 'PC端 | Chrome 113.0.0.0 | Windows Windows 10 or Windows Server 2016');
INSERT INTO `a_log` VALUES ('1658362760645447680', null, '2023-05-16 14:44:28.000000', '0', null, '2023-05-16 14:44:28.000000', '43', '127.0.0.1', '本地测试', '查询全部角色', '{}', 'GET', '/zwz/role/getAllList', 'admin', '2', 'ROLE-01', 'PC端 | Chrome 113.0.0.0 | Windows Windows 10 or Windows Server 2016');
INSERT INTO `a_log` VALUES ('1658362760653836288', null, '2023-05-16 14:44:28.000000', '0', null, '2023-05-16 14:44:28.000000', '77', '127.0.0.1', '本地测试', '查询单个数据字典的值', '{}', 'GET', '/zwz/dictData/getByType/sex', 'admin', '2', 'DICT_DATA-01', 'PC端 | Chrome 113.0.0.0 | Windows Windows 10 or Windows Server 2016');
INSERT INTO `a_log` VALUES ('1658362760733528064', null, '2023-05-16 14:44:28.000000', '0', null, '2023-05-16 14:44:28.000000', '98', '127.0.0.1', '本地测试', '查询用户', '{\"nickname\":\"\",\"departmentId\":\"\",\"pageNumber\":\"1\",\"pageSize\":\"20\",\"sort\":\"createTime\",\"order\":\"desc\"}', 'GET', '/zwz/user/getUserList', 'admin', '2', 'USER-07', 'PC端 | Chrome 113.0.0.0 | Windows Windows 10 or Windows Server 2016');
INSERT INTO `a_log` VALUES ('1658362760750305280', null, '2023-05-16 14:44:28.000000', '0', null, '2023-05-16 14:44:28.000000', '98', '127.0.0.1', '本地测试', '查询子部门', '{}', 'GET', '/zwz/department/getByParentId', 'admin', '2', 'DEP-01', 'PC端 | Chrome 113.0.0.0 | Windows Windows 10 or Windows Server 2016');
INSERT INTO `a_log` VALUES ('1658362762482552832', null, '2023-05-16 14:44:28.000000', '0', null, '2023-05-16 14:44:28.000000', '56', '127.0.0.1', '本地测试', '查询子部门', '{}', 'GET', '/zwz/department/getByParentId', 'admin', '2', 'DEP-01', 'PC端 | Chrome 113.0.0.0 | Windows Windows 10 or Windows Server 2016');
INSERT INTO `a_log` VALUES ('1658362764198023168', null, '2023-05-16 14:44:29.000000', '0', null, '2023-05-16 14:44:29.000000', '48', '127.0.0.1', '本地测试', '查询子部门', '{}', 'GET', '/zwz/department/getByParentId', 'admin', '2', 'DEP-01', 'PC端 | Chrome 113.0.0.0 | Windows Windows 10 or Windows Server 2016');
INSERT INTO `a_log` VALUES ('1658362765515034624', null, '2023-05-16 14:44:29.000000', '0', null, '2023-05-16 14:44:29.000000', '51', '127.0.0.1', '本地测试', '查询用户', '{\"pageNumber\":\"1\",\"pageSize\":\"10\",\"sort\":\"createTime\",\"order\":\"desc\",\"departmentId\":\"\"}', 'GET', '/zwz/myUser/getByPage', 'admin', '2', 'USER-01', 'PC端 | Chrome 113.0.0.0 | Windows Windows 10 or Windows Server 2016');
INSERT INTO `a_log` VALUES ('1658362765724749827', null, '2023-05-16 14:44:29.000000', '0', null, '2023-05-16 14:44:29.000000', '44', '127.0.0.1', '本地测试', '查询子部门', '{}', 'GET', '/zwz/department/getByParentId', 'admin', '2', 'DEP-01', 'PC端 | Chrome 113.0.0.0 | Windows Windows 10 or Windows Server 2016');
INSERT INTO `a_log` VALUES ('1658362767855456256', null, '2023-05-16 14:44:29.000000', '0', null, '2023-05-16 14:44:29.000000', '49', '127.0.0.1', '本地测试', '查询系统文件', '{\"name\":\"\",\"fkey\":\"\",\"type\":\"\",\"pageNumber\":\"1\",\"pageSize\":\"15\",\"sort\":\"createTime\",\"order\":\"desc\",\"startDate\":\"\",\"endDate\":\"\"}', 'GET', '/zwz/file/getByCondition', 'admin', '2', 'FILE-01', 'PC端 | Chrome 113.0.0.0 | Windows Windows 10 or Windows Server 2016');
INSERT INTO `a_log` VALUES ('1658362768522350592', null, '2023-05-16 14:44:30.000000', '0', null, '2023-05-16 14:44:30.000000', '36', '127.0.0.1', '本地测试', '查看单个配置', '{\"id\":\"FILE_PATH\"}', 'GET', '/zwz/setting/getOne', 'admin', '2', 'SETTING-01', 'PC端 | Chrome 113.0.0.0 | Windows Windows 10 or Windows Server 2016');
INSERT INTO `a_log` VALUES ('1658362769134718976', null, '2023-05-16 14:44:30.000000', '0', null, '2023-05-16 14:44:30.000000', '36', '127.0.0.1', '本地测试', '查看单个配置', '{\"id\":\"FILE_VIEW\"}', 'GET', '/zwz/setting/getOne', 'admin', '2', 'SETTING-01', 'PC端 | Chrome 113.0.0.0 | Windows Windows 10 or Windows Server 2016');
INSERT INTO `a_log` VALUES ('1658362769134718977', null, '2023-05-16 14:44:30.000000', '0', null, '2023-05-16 14:44:30.000000', '38', '127.0.0.1', '本地测试', '查看单个配置', '{\"id\":\"FILE_HTTP\"}', 'GET', '/zwz/setting/getOne', 'admin', '2', 'SETTING-01', 'PC端 | Chrome 113.0.0.0 | Windows Windows 10 or Windows Server 2016');
INSERT INTO `a_log` VALUES ('1658362769843556352', null, '2023-05-16 14:44:30.000000', '0', null, '2023-05-16 14:44:30.000000', '48', '127.0.0.1', '本地测试', '查询角色', '{\"pageNumber\":\"1\",\"pageSize\":\"15\",\"sort\":\"createTime\",\"order\":\"desc\"}', 'GET', '/zwz/role/getAllByPage', 'admin', '2', 'ROLE-02', 'PC端 | Chrome 113.0.0.0 | Windows Windows 10 or Windows Server 2016');
INSERT INTO `a_log` VALUES ('1658362771160567808', null, '2023-05-16 14:44:30.000000', '0', null, '2023-05-16 14:44:30.000000', '57', '127.0.0.1', '本地测试', '查询全部菜单', '{}', 'GET', '/zwz/permission/getAllList', 'admin', '2', 'PERMISSION-04', 'PC端 | Chrome 113.0.0.0 | Windows Windows 10 or Windows Server 2016');
INSERT INTO `a_log` VALUES ('1658362774184660992', null, '2023-05-16 14:44:31.000000', '0', null, '2023-05-16 14:44:31.000000', '47', '127.0.0.1', '本地测试', '查询单个数据字典的值', '{}', 'GET', '/zwz/dictData/getByType/permission_type', 'admin', '2', 'DICT_DATA-01', 'PC端 | Chrome 113.0.0.0 | Windows Windows 10 or Windows Server 2016');
INSERT INTO `a_log` VALUES ('1658362776529276928', null, '2023-05-16 14:44:32.000000', '0', null, '2023-05-16 14:44:32.000000', '49', '127.0.0.1', '本地测试', '查询日志', '{\"logType\":\"1\",\"pageNumber\":\"1\",\"pageSize\":\"15\",\"startDate\":\"\",\"endDate\":\"\",\"sort\":\"createTime\",\"order\":\"desc\",\"ipInfo\":\"\",\"key\":\"\"}', 'GET', '/zwz/log/getAllByPage', 'admin', '2', 'LOG-01', 'PC端 | Chrome 113.0.0.0 | Windows Windows 10 or Windows Server 2016');
INSERT INTO `a_log` VALUES ('1658362780228653056', null, '2023-05-16 14:44:32.000000', '0', null, '2023-05-16 14:44:32.000000', '41', '127.0.0.1', '本地测试', '查询所有数据字典', '{}', 'GET', '/zwz/dict/getAll', 'admin', '2', 'DICT-01', 'PC端 | Chrome 113.0.0.0 | Windows Windows 10 or Windows Server 2016');
INSERT INTO `a_log` VALUES ('1658362780908130304', null, '2023-05-16 14:44:33.000000', '0', null, '2023-05-16 14:44:33.000000', '52', '127.0.0.1', '本地测试', '查询数据字典值', '{\"name\":\"\",\"status\":\"\",\"pageNumber\":\"1\",\"pageSize\":\"10\",\"sort\":\"sortOrder\",\"order\":\"asc\"}', 'GET', '/zwz/dictData/getByCondition', 'admin', '2', 'DICT_DATA-02', 'PC端 | Chrome 113.0.0.0 | Windows Windows 10 or Windows Server 2016');
INSERT INTO `a_log` VALUES ('1663718016401149952', null, '2023-05-31 09:24:21.000000', '0', null, '2023-05-31 09:24:21.000000', '420', '127.0.0.1', '本地测试', '登录系统', '{\"username\":\"admin\",\"password\":\"\",\"code\":\"0124\",\"captchaId\":\"a8002015ab6d42fbb9e2968b704beabf\",\"saveLogin\":\"true\"}', 'POST', '/zwz/login', '管理员', '1', '', 'PC端 | Chrome 113.0.0.0 | Windows Windows 10 or Windows Server 2016');
INSERT INTO `a_log` VALUES ('1663718016598282240', null, '2023-05-31 09:24:21.000000', '0', null, '2023-05-31 09:24:21.000000', '240', '127.0.0.1', '本地测试', '获取当前登录用户', '{}', 'GET', '/zwz/user/info', '管理员', '2', 'USER-02', 'PC端 | Chrome 113.0.0.0 | Windows Windows 10 or Windows Server 2016');
INSERT INTO `a_log` VALUES ('1663718018741571584', null, '2023-05-31 09:24:21.000000', '0', null, '2023-05-31 09:24:21.000000', '148', '127.0.0.1', '本地测试', '查询菜单', '{}', 'GET', '/zwz/permission/getMenuList', '管理员', '2', 'PERMISSION-02', 'PC端 | Chrome 113.0.0.0 | Windows Windows 10 or Windows Server 2016');
INSERT INTO `a_log` VALUES ('1663718018997424128', null, '2023-05-31 09:24:21.000000', '0', null, '2023-05-31 09:24:21.000000', '51', '127.0.0.1', '本地测试', '查询个人门户菜单B', '{}', 'POST', '/zwz/myDoor/getMyDoorList6', '管理员', '2', 'MY-DOOR-02', 'PC端 | Chrome 113.0.0.0 | Windows Windows 10 or Windows Server 2016');
INSERT INTO `a_log` VALUES ('1663718031622279168', null, '2023-05-31 09:24:24.000000', '0', null, '2023-05-31 09:24:24.000000', '27', '127.0.0.1', '本地测试', '查询全部角色', '{}', 'GET', '/zwz/role/getAllList', '管理员', '2', 'ROLE-01', 'PC端 | Chrome 113.0.0.0 | Windows Windows 10 or Windows Server 2016');
INSERT INTO `a_log` VALUES ('1663718031706165248', null, '2023-05-31 09:24:24.000000', '0', null, '2023-05-31 09:24:24.000000', '44', '127.0.0.1', '本地测试', '查询单个数据字典的值', '{}', 'GET', '/zwz/dictData/getByType/sex', '管理员', '2', 'DICT_DATA-01', 'PC端 | Chrome 113.0.0.0 | Windows Windows 10 or Windows Server 2016');
INSERT INTO `a_log` VALUES ('1663718031840382976', null, '2023-05-31 09:24:24.000000', '0', null, '2023-05-31 09:24:24.000000', '76', '127.0.0.1', '本地测试', '查询子部门', '{}', 'GET', '/zwz/department/getByParentId', '管理员', '2', 'DEP-01', 'PC端 | Chrome 113.0.0.0 | Windows Windows 10 or Windows Server 2016');
INSERT INTO `a_log` VALUES ('1663718032024932352', null, '2023-05-31 09:24:24.000000', '0', null, '2023-05-31 09:24:24.000000', '98', '127.0.0.1', '本地测试', '查询用户', '{\"nickname\":\"\",\"departmentId\":\"\",\"pageNumber\":\"1\",\"pageSize\":\"20\",\"sort\":\"createTime\",\"order\":\"desc\"}', 'GET', '/zwz/user/getUserList', '管理员', '2', 'USER-07', 'PC端 | Chrome 113.0.0.0 | Windows Windows 10 or Windows Server 2016');
INSERT INTO `a_log` VALUES ('1663718033300000768', null, '2023-05-31 09:24:24.000000', '0', null, '2023-05-31 09:24:24.000000', '34', '127.0.0.1', '本地测试', '查询子部门', '{}', 'GET', '/zwz/department/getByParentId', '管理员', '2', 'DEP-01', 'PC端 | Chrome 113.0.0.0 | Windows Windows 10 or Windows Server 2016');
INSERT INTO `a_log` VALUES ('1663718797590269956', null, '2023-05-31 09:27:26.000000', '0', null, '2023-05-31 09:27:26.000000', '78', '127.0.0.1', '本地测试', '查询单个数据字典的值', '{}', 'GET', '/zwz/dictData/getByType/sex', '管理员', '2', 'DICT_DATA-01', 'PC端 | Chrome 113.0.0.0 | Windows Windows 10 or Windows Server 2016');
INSERT INTO `a_log` VALUES ('1663718815743217664', null, '2023-05-31 09:27:31.000000', '0', null, '2023-05-31 09:27:31.000000', '377', '127.0.0.1', '本地测试', '文件上传', '{}', 'POST', '/zwz/upload/file', '管理员', '2', 'FILE-06', 'PC端 | Chrome 113.0.0.0 | Windows Windows 10 or Windows Server 2016');
INSERT INTO `a_log` VALUES ('1663718833329934337', null, '2023-05-31 09:27:35.000000', '0', null, '2023-05-31 09:27:35.000000', '35', '127.0.0.1', '本地测试', '修改用户资料', '{\"id\":\"1464764315201572864\",\"updateBy\":\"admin\",\"updateTime\":\"2022-05-18 14:41:08\",\"createBy\":\"\",\"createTime\":\"2022-03-20 09:46:20\",\"delFlag\":\"0\",\"nickname\":\"管理员\",\"username\":\"admin\",\"password\":\"\",\"passStrength\":\"弱\",\"mobile\":\"17857054388\",\"departmentId\":\"1464487288363945985\",\"departmentTitle\":\"部门A\",\"email\":\"916077357@qq.com\",\"sex\":\"男\",\"address\":\"[\\\"330000\\\",\\\"330600\\\",\\\"330602\\\"]\",\"type\":\"1\",\"myDoor\":\"user-adminZWZ666department-admin\",\"status\":\"0\",\"avatar\":\"http://127.0.0.1:8080/zwz/file/view/1663718815558668288\",\"defaultRole\":\"\",\"addressArray\":\"330000,330600,330602\",\"typeTxt\":\"管理员\"}', 'POST', '/zwz/user/edit', '管理员', '2', 'USER-05', 'PC端 | Chrome 113.0.0.0 | Windows Windows 10 or Windows Server 2016');
INSERT INTO `a_log` VALUES ('1663718837671038976', null, '2023-05-31 09:27:36.000000', '0', null, '2023-05-31 09:27:36.000000', '31', '127.0.0.1', '本地测试', '查询菜单', '{}', 'GET', '/zwz/permission/getMenuList', '管理员', '2', 'PERMISSION-02', 'PC端 | Chrome 113.0.0.0 | Windows Windows 10 or Windows Server 2016');
INSERT INTO `a_log` VALUES ('1663718838065303552', null, '2023-05-31 09:27:36.000000', '0', null, '2023-05-31 09:27:36.000000', '17', '127.0.0.1', '本地测试', '查询单个数据字典的值', '{}', 'GET', '/zwz/dictData/getByType/sex', '管理员', '2', 'DICT_DATA-01', 'PC端 | Chrome 113.0.0.0 | Windows Windows 10 or Windows Server 2016');
INSERT INTO `a_log` VALUES ('1663721994606219264', null, '2023-05-31 09:40:09.022000', '0', null, '2023-05-31 09:40:09.022000', '327', '127.0.0.1', '本地测试', '查询单个数据字典的值', '{}', 'GET', '/zwz/dictData/getByType/sex', '管理员', '2', 'DICT_DATA-01', 'PC端 | Chrome 113.0.0.0 | Windows Windows 10 or Windows Server 2016');
INSERT INTO `a_log` VALUES ('1663721994606219265', null, '2023-05-31 09:40:09.022000', '0', null, '2023-05-31 09:40:09.022000', '331', '127.0.0.1', '本地测试', '查询全部角色', '{}', 'GET', '/zwz/role/getAllList', '管理员', '2', 'ROLE-01', 'PC端 | Chrome 113.0.0.0 | Windows Windows 10 or Windows Server 2016');
INSERT INTO `a_log` VALUES ('1663721994673328128', null, '2023-05-31 09:40:09.022000', '0', null, '2023-05-31 09:40:09.022000', '347', '127.0.0.1', '本地测试', '查询子部门', '{}', 'GET', '/zwz/department/getByParentId', '管理员', '2', 'DEP-01', 'PC端 | Chrome 113.0.0.0 | Windows Windows 10 or Windows Server 2016');
INSERT INTO `a_log` VALUES ('1663721995101147137', null, '2023-05-31 09:40:09.022000', '0', null, '2023-05-31 09:40:09.022000', '323', '127.0.0.1', '本地测试', '查询用户', '{\"nickname\":\"\",\"departmentId\":\"\",\"pageNumber\":\"1\",\"pageSize\":\"20\",\"sort\":\"createTime\",\"order\":\"desc\"}', 'GET', '/zwz/user/getUserList', '管理员', '2', 'USER-07', 'PC端 | Chrome 113.0.0.0 | Windows Windows 10 or Windows Server 2016');
INSERT INTO `a_log` VALUES ('1663721997454151683', null, '2023-05-31 09:40:09.357000', '0', null, '2023-05-31 09:40:09.357000', '63', '127.0.0.1', '本地测试', '查询子部门', '{}', 'GET', '/zwz/department/getByParentId', '管理员', '2', 'DEP-01', 'PC端 | Chrome 113.0.0.0 | Windows Windows 10 or Windows Server 2016');
INSERT INTO `a_log` VALUES ('1663722000998338560', null, '2023-05-31 09:40:10.188000', '0', null, '2023-05-31 09:40:10.188000', '48', '127.0.0.1', '本地测试', '查询单个数据字典的值', '{}', 'GET', '/zwz/dictData/getByType/permission_type', '管理员', '2', 'DICT_DATA-01', 'PC端 | Chrome 113.0.0.0 | Windows Windows 10 or Windows Server 2016');
INSERT INTO `a_log` VALUES ('1663722001136750592', null, '2023-05-31 09:40:10.224000', '0', null, '2023-05-31 09:40:10.224000', '73', '127.0.0.1', '本地测试', '查询全部菜单', '{}', 'GET', '/zwz/permission/getAllList', '管理员', '2', 'PERMISSION-04', 'PC端 | Chrome 113.0.0.0 | Windows Windows 10 or Windows Server 2016');
INSERT INTO `a_log` VALUES ('1663722016932499461', null, '2023-05-31 09:40:13.988000', '0', null, '2023-05-31 09:40:13.988000', '34', '127.0.0.1', '本地测试', '查询菜单权限拥有者', '{\"permissionId\":\"1464484663442673664\"}', 'GET', '/zwz/permission/getUserByPermission', '管理员', '2', 'PERMISSION-01', 'PC端 | Chrome 113.0.0.0 | Windows Windows 10 or Windows Server 2016');
INSERT INTO `a_log` VALUES ('1663722052110127104', null, '2023-05-31 09:40:22.435000', '0', null, '2023-05-31 09:40:22.435000', '96', '127.0.0.1', '本地测试', '查询全部角色', '{}', 'GET', '/zwz/role/getAllList', '管理员', '2', 'ROLE-01', 'PC端 | Chrome 113.0.0.0 | Windows Windows 10 or Windows Server 2016');
INSERT INTO `a_log` VALUES ('1663722052126904320', null, '2023-05-31 09:40:22.431000', '0', null, '2023-05-31 09:40:22.431000', '90', '127.0.0.1', '本地测试', '查询单个数据字典的值', '{}', 'GET', '/zwz/dictData/getByType/sex', '管理员', '2', 'DICT_DATA-01', 'PC端 | Chrome 113.0.0.0 | Windows Windows 10 or Windows Server 2016');
INSERT INTO `a_log` VALUES ('1663722052131098624', null, '2023-05-31 09:40:22.425000', '0', null, '2023-05-31 09:40:22.425000', '85', '127.0.0.1', '本地测试', '查询子部门', '{}', 'GET', '/zwz/department/getByParentId', '管理员', '2', 'DEP-01', 'PC端 | Chrome 113.0.0.0 | Windows Windows 10 or Windows Server 2016');
INSERT INTO `a_log` VALUES ('1663722052185624576', null, '2023-05-31 09:40:22.443000', '0', null, '2023-05-31 09:40:22.443000', '102', '127.0.0.1', '本地测试', '查询用户', '{\"nickname\":\"\",\"departmentId\":\"\",\"pageNumber\":\"1\",\"pageSize\":\"20\",\"sort\":\"createTime\",\"order\":\"desc\"}', 'GET', '/zwz/user/getUserList', '管理员', '2', 'USER-07', 'PC端 | Chrome 113.0.0.0 | Windows Windows 10 or Windows Server 2016');
INSERT INTO `a_log` VALUES ('1663722053234200576', null, '2023-05-31 09:40:22.652000', '0', null, '2023-05-31 09:40:22.652000', '50', '127.0.0.1', '本地测试', '查询子部门', '{}', 'GET', '/zwz/department/getByParentId', '管理员', '2', 'DEP-01', 'PC端 | Chrome 113.0.0.0 | Windows Windows 10 or Windows Server 2016');
INSERT INTO `a_log` VALUES ('1663722116593356800', null, '2023-05-31 09:40:37.791000', '0', null, '2023-05-31 09:40:37.791000', '81', '127.0.0.1', '本地测试', '查询单个数据字典的值', '{}', 'GET', '/zwz/dictData/getByType/permission_type', '管理员', '2', 'DICT_DATA-01', 'PC端 | Chrome 113.0.0.0 | Windows Windows 10 or Windows Server 2016');
INSERT INTO `a_log` VALUES ('1663722141062926340', null, '2023-05-31 09:40:43.685000', '0', null, '2023-05-31 09:40:43.685000', '140', '127.0.0.1', '本地测试', '查询菜单权限拥有者', '{\"permissionId\":\"1530689602321518592\"}', 'GET', '/zwz/permission/getUserByPermission', '管理员', '2', 'PERMISSION-01', 'PC端 | Chrome 113.0.0.0 | Windows Windows 10 or Windows Server 2016');
INSERT INTO `a_log` VALUES ('1663722289725837314', null, '2023-05-31 09:41:19.072000', '0', null, '2023-05-31 09:41:19.072000', '94', '127.0.0.1', '本地测试', '查询菜单', '{}', 'GET', '/zwz/permission/getMenuList', '管理员', '2', 'PERMISSION-02', 'PC端 | Chrome 113.0.0.0 | Windows Windows 10 or Windows Server 2016');
INSERT INTO `a_log` VALUES ('1663722291026071552', null, '2023-05-31 09:41:19.343000', '0', null, '2023-05-31 09:41:19.343000', '34', '127.0.0.1', '本地测试', '查询单个数据字典的值', '{}', 'GET', '/zwz/dictData/getByType/permission_type', '管理员', '2', 'DICT_DATA-01', 'PC端 | Chrome 113.0.0.0 | Windows Windows 10 or Windows Server 2016');
INSERT INTO `a_log` VALUES ('1663722414946783232', null, '2023-05-31 09:41:48.926000', '0', null, '2023-05-31 09:41:48.926000', '94', '127.0.0.1', '本地测试', '登录系统', '{\"username\":\"admin\",\"password\":\"\",\"code\":\"6025\",\"captchaId\":\"4ed12e33e657463087424661bdd4c86b\",\"saveLogin\":\"true\"}', 'POST', '/zwz/login', 'admin', '1', '', 'PC端 | Chrome 113.0.0.0 | Windows Windows 10 or Windows Server 2016');
INSERT INTO `a_log` VALUES ('1663722414946783235', null, '2023-05-31 09:41:48.942000', '0', null, '2023-05-31 09:41:48.942000', '94', '127.0.0.1', '本地测试', '获取当前登录用户', '{}', 'GET', '/zwz/user/info', 'admin', '2', 'USER-02', 'PC端 | Chrome 113.0.0.0 | Windows Windows 10 or Windows Server 2016');
INSERT INTO `a_log` VALUES ('1663722415768866816', null, '2023-05-31 09:41:49.086000', '0', null, '2023-05-31 09:41:49.086000', '113', '127.0.0.1', '本地测试', '查询菜单', '{}', 'GET', '/zwz/permission/getMenuList', 'admin', '2', 'PERMISSION-02', 'PC端 | Chrome 113.0.0.0 | Windows Windows 10 or Windows Server 2016');
INSERT INTO `a_log` VALUES ('1663722416666447895', null, '2023-05-31 09:41:49.305000', '0', null, '2023-05-31 09:41:49.305000', '47', '127.0.0.1', '本地测试', '查询个人门户菜单B', '{}', 'POST', '/zwz/myDoor/getMyDoorList6', 'admin', '2', 'MY-DOOR-02', 'PC端 | Chrome 113.0.0.0 | Windows Windows 10 or Windows Server 2016');
INSERT INTO `a_log` VALUES ('1663722431740776462', null, '2023-05-31 09:41:52.905000', '0', null, '2023-05-31 09:41:52.905000', '53', '127.0.0.1', '本地测试', '查询单个数据字典的值', '{}', 'GET', '/zwz/dictData/getByType/permission_type', 'admin', '2', 'DICT_DATA-01', 'PC端 | Chrome 113.0.0.0 | Windows Windows 10 or Windows Server 2016');
INSERT INTO `a_log` VALUES ('1663722431866605568', null, '2023-05-31 09:41:52.910000', '0', null, '2023-05-31 09:41:52.910000', '58', '127.0.0.1', '本地测试', '查询全部菜单', '{}', 'GET', '/zwz/permission/getAllList', 'admin', '2', 'PERMISSION-04', 'PC端 | Chrome 113.0.0.0 | Windows Windows 10 or Windows Server 2016');
INSERT INTO `a_log` VALUES ('1663722441878409219', null, '2023-05-31 09:41:55.305000', '0', null, '2023-05-31 09:41:55.305000', '40', '127.0.0.1', '本地测试', '查询菜单权限拥有者', '{\"permissionId\":\"5129710648430593\"}', 'GET', '/zwz/permission/getUserByPermission', 'admin', '2', 'PERMISSION-01', 'PC端 | Chrome 113.0.0.0 | Windows Windows 10 or Windows Server 2016');
INSERT INTO `a_log` VALUES ('1663722611194073088', null, '2023-05-31 09:42:35.742000', '0', null, '2023-05-31 09:42:35.742000', '112', '127.0.0.1', '本地测试', '查询单个数据字典的值', '{}', 'GET', '/zwz/dictData/getByType/permission_type', 'admin', '2', 'DICT_DATA-01', 'PC端 | Chrome 113.0.0.0 | Windows Windows 10 or Windows Server 2016');
INSERT INTO `a_log` VALUES ('1663722638897451008', null, '2023-05-31 09:42:42.309000', '0', null, '2023-05-31 09:42:42.309000', '70', '127.0.0.1', '本地测试', '查询单个数据字典的值', '{}', 'GET', '/zwz/dictData/getByType/permission_type', 'admin', '2', 'DICT_DATA-01', 'PC端 | Chrome 113.0.0.0 | Windows Windows 10 or Windows Server 2016');
INSERT INTO `a_log` VALUES ('1663722714512363531', null, '2023-05-31 09:43:00.350000', '0', null, '2023-05-31 09:43:00.350000', '76', '127.0.0.1', '本地测试', '查询单个数据字典的值', '{}', 'GET', '/zwz/dictData/getByType/permission_type', 'admin', '2', 'DICT_DATA-01', 'PC端 | Chrome 113.0.0.0 | Windows Windows 10 or Windows Server 2016');
INSERT INTO `a_log` VALUES ('1663722747391512577', null, '2023-05-31 09:43:08.186000', '0', null, '2023-05-31 09:43:08.186000', '68', '127.0.0.1', '本地测试', '查询菜单权限拥有者', '{\"permissionId\":\"1464484663442673664\"}', 'GET', '/zwz/permission/getUserByPermission', 'admin', '2', 'PERMISSION-01', 'PC端 | Chrome 113.0.0.0 | Windows Windows 10 or Windows Server 2016');
INSERT INTO `a_log` VALUES ('1663723238833917954', null, '2023-05-31 09:45:05.373000', '0', null, '2023-05-31 09:45:05.373000', '98', '127.0.0.1', '本地测试', '查询单个数据字典的值', '{}', 'GET', '/zwz/dictData/getByType/permission_type', 'admin', '2', 'DICT_DATA-01', 'PC端 | Chrome 113.0.0.0 | Windows Windows 10 or Windows Server 2016');
INSERT INTO `a_log` VALUES ('1663723254378008581', null, '2023-05-31 09:45:09.031000', '0', null, '2023-05-31 09:45:09.031000', '47', '127.0.0.1', '本地测试', '查询菜单权限拥有者', '{\"permissionId\":\"5129710648430593\"}', 'GET', '/zwz/permission/getUserByPermission', 'admin', '2', 'PERMISSION-01', 'PC端 | Chrome 113.0.0.0 | Windows Windows 10 or Windows Server 2016');
INSERT INTO `a_log` VALUES ('1663723263479648261', null, '2023-05-31 09:45:11.190000', '0', null, '2023-05-31 09:45:11.190000', '36', '127.0.0.1', '本地测试', '查询菜单权限拥有者', '{\"permissionId\":\"1464484663442673664\"}', 'GET', '/zwz/permission/getUserByPermission', 'admin', '2', 'PERMISSION-01', 'PC端 | Chrome 113.0.0.0 | Windows Windows 10 or Windows Server 2016');
INSERT INTO `a_log` VALUES ('1663723364973416459', null, '2023-05-31 09:45:35.416000', '0', null, '2023-05-31 09:45:35.416000', '49', '127.0.0.1', '本地测试', '查询单个数据字典的值', '{}', 'GET', '/zwz/dictData/getByType/permission_type', 'admin', '2', 'DICT_DATA-01', 'PC端 | Chrome 113.0.0.0 | Windows Windows 10 or Windows Server 2016');
INSERT INTO `a_log` VALUES ('1663723381511557125', null, '2023-05-31 09:45:39.326000', '0', null, '2023-05-31 09:45:39.326000', '31', '127.0.0.1', '本地测试', '查询菜单权限拥有者', '{\"permissionId\":\"1464484663442673664\"}', 'GET', '/zwz/permission/getUserByPermission', 'admin', '2', 'PERMISSION-01', 'PC端 | Chrome 113.0.0.0 | Windows Windows 10 or Windows Server 2016');
INSERT INTO `a_log` VALUES ('1663723383352856577', null, '2023-05-31 09:45:39.749000', '0', null, '2023-05-31 09:45:39.749000', '31', '127.0.0.1', '本地测试', '查询菜单权限拥有者', '{\"permissionId\":\"5129710648430593\"}', 'GET', '/zwz/permission/getUserByPermission', 'admin', '2', 'PERMISSION-01', 'PC端 | Chrome 113.0.0.0 | Windows Windows 10 or Windows Server 2016');
INSERT INTO `a_log` VALUES ('1663723433185382402', null, '2023-05-31 09:45:51.680000', '0', null, '2023-05-31 09:45:51.680000', '68', '127.0.0.1', '本地测试', '查询单个数据字典的值', '{}', 'GET', '/zwz/dictData/getByType/permission_type', 'admin', '2', 'DICT_DATA-01', 'PC端 | Chrome 113.0.0.0 | Windows Windows 10 or Windows Server 2016');
INSERT INTO `a_log` VALUES ('1663723439489421317', null, '2023-05-31 09:45:53.149000', '0', null, '2023-05-31 09:45:53.149000', '31', '127.0.0.1', '本地测试', '查询菜单权限拥有者', '{\"permissionId\":\"5129710648430593\"}', 'GET', '/zwz/permission/getUserByPermission', 'admin', '2', 'PERMISSION-01', 'PC端 | Chrome 113.0.0.0 | Windows Windows 10 or Windows Server 2016');
INSERT INTO `a_log` VALUES ('1663723468010688512', null, '2023-05-31 09:45:59.972000', '0', null, '2023-05-31 09:45:59.972000', '55', '127.0.0.1', '本地测试', '添加菜单', '{\"icon\":\"\",\"type\":\"1\",\"parentId\":\"5129710648430593\",\"level\":\"3\",\"sortOrder\":\"1\",\"buttonType\":\"add\",\"status\":\"0\",\"path\":\"无\",\"title\":\"添加用户\",\"name\":\"\",\"component\":\"\"}', 'POST', '/zwz/permission/add', 'admin', '2', 'PERMISSION-06', 'PC端 | Chrome 113.0.0.0 | Windows Windows 10 or Windows Server 2016');
INSERT INTO `a_log` VALUES ('1663723469667438608', null, '2023-05-31 09:46:00.350000', '0', null, '2023-05-31 09:46:00.350000', '20', '127.0.0.1', '本地测试', '查询单个数据字典的值', '{}', 'GET', '/zwz/dictData/getByType/permission_type', 'admin', '2', 'DICT_DATA-01', 'PC端 | Chrome 113.0.0.0 | Windows Windows 10 or Windows Server 2016');
INSERT INTO `a_log` VALUES ('1663723469667438617', null, '2023-05-31 09:46:00.371000', '0', null, '2023-05-31 09:46:00.371000', '58', '127.0.0.1', '本地测试', '查询菜单', '{}', 'GET', '/zwz/permission/getMenuList', 'admin', '2', 'PERMISSION-02', 'PC端 | Chrome 113.0.0.0 | Windows Windows 10 or Windows Server 2016');
INSERT INTO `a_log` VALUES ('1663723469751324681', null, '2023-05-31 09:46:00.398000', '0', null, '2023-05-31 09:46:00.398000', '83', '127.0.0.1', '本地测试', '查询全部菜单', '{}', 'GET', '/zwz/permission/getAllList', 'admin', '2', 'PERMISSION-04', 'PC端 | Chrome 113.0.0.0 | Windows Windows 10 or Windows Server 2016');
INSERT INTO `a_log` VALUES ('1663723475614961664', null, '2023-05-31 09:46:01.752000', '0', null, '2023-05-31 09:46:01.752000', '27', '127.0.0.1', '本地测试', '查询菜单权限拥有者', '{\"permissionId\":\"5129710648430593\"}', 'GET', '/zwz/permission/getUserByPermission', 'admin', '2', 'PERMISSION-01', 'PC端 | Chrome 113.0.0.0 | Windows Windows 10 or Windows Server 2016');
INSERT INTO `a_log` VALUES ('1663723511857942528', null, '2023-05-31 09:46:10.431000', '0', null, '2023-05-31 09:46:10.431000', '48', '127.0.0.1', '本地测试', '添加菜单', '{\"icon\":\"\",\"type\":\"1\",\"parentId\":\"5129710648430593\",\"level\":\"3\",\"sortOrder\":\"2\",\"buttonType\":\"edit\",\"status\":\"0\",\"path\":\"无\",\"title\":\"编辑用户\",\"name\":\"\",\"component\":\"\"}', 'POST', '/zwz/permission/add', 'admin', '2', 'PERMISSION-06', 'PC端 | Chrome 113.0.0.0 | Windows Windows 10 or Windows Server 2016');
INSERT INTO `a_log` VALUES ('1663723512948461570', null, '2023-05-31 09:46:10.652000', '0', null, '2023-05-31 09:46:10.652000', '20', '127.0.0.1', '本地测试', '查询菜单', '{}', 'GET', '/zwz/permission/getMenuList', 'admin', '2', 'PERMISSION-02', 'PC端 | Chrome 113.0.0.0 | Windows Windows 10 or Windows Server 2016');
INSERT INTO `a_log` VALUES ('1663723513514692609', null, '2023-05-31 09:46:10.790000', '0', null, '2023-05-31 09:46:10.790000', '26', '127.0.0.1', '本地测试', '查询单个数据字典的值', '{}', 'GET', '/zwz/dictData/getByType/permission_type', 'admin', '2', 'DICT_DATA-01', 'PC端 | Chrome 113.0.0.0 | Windows Windows 10 or Windows Server 2016');
INSERT INTO `a_log` VALUES ('1663723513640521728', null, '2023-05-31 09:46:10.822000', '0', null, '2023-05-31 09:46:10.822000', '58', '127.0.0.1', '本地测试', '查询全部菜单', '{}', 'GET', '/zwz/permission/getAllList', 'admin', '2', 'PERMISSION-04', 'PC端 | Chrome 113.0.0.0 | Windows Windows 10 or Windows Server 2016');
INSERT INTO `a_log` VALUES ('1663723538646962176', null, '2023-05-31 09:46:16.812000', '0', null, '2023-05-31 09:46:16.812000', '58', '127.0.0.1', '本地测试', '添加菜单', '{\"icon\":\"\",\"type\":\"1\",\"parentId\":\"5129710648430593\",\"level\":\"3\",\"sortOrder\":\"3\",\"buttonType\":\"delete\",\"status\":\"0\",\"path\":\"无\",\"title\":\"删除用户\",\"name\":\"\",\"component\":\"\"}', 'POST', '/zwz/permission/add', 'admin', '2', 'PERMISSION-06', 'PC端 | Chrome 113.0.0.0 | Windows Windows 10 or Windows Server 2016');
INSERT INTO `a_log` VALUES ('1663723540215631890', null, '2023-05-31 09:46:17.153000', '0', null, '2023-05-31 09:46:17.153000', '20', '127.0.0.1', '本地测试', '查询单个数据字典的值', '{}', 'GET', '/zwz/dictData/getByType/permission_type', 'admin', '2', 'DICT_DATA-01', 'PC端 | Chrome 113.0.0.0 | Windows Windows 10 or Windows Server 2016');
INSERT INTO `a_log` VALUES ('1663723540215631897', null, '2023-05-31 09:46:17.193000', '0', null, '2023-05-31 09:46:17.193000', '60', '127.0.0.1', '本地测试', '查询菜单', '{}', 'GET', '/zwz/permission/getMenuList', 'admin', '2', 'PERMISSION-02', 'PC端 | Chrome 113.0.0.0 | Windows Windows 10 or Windows Server 2016');
INSERT INTO `a_log` VALUES ('1663723540299517961', null, '2023-05-31 09:46:17.188000', '0', null, '2023-05-31 09:46:17.188000', '55', '127.0.0.1', '本地测试', '查询全部菜单', '{}', 'GET', '/zwz/permission/getAllList', 'admin', '2', 'PERMISSION-04', 'PC端 | Chrome 113.0.0.0 | Windows Windows 10 or Windows Server 2016');
INSERT INTO `a_log` VALUES ('1663723877039214614', null, '2023-05-31 09:47:37.533000', '0', null, '2023-05-31 09:47:37.533000', '111', '127.0.0.1', '本地测试', '查询角色', '{\"pageNumber\":\"1\",\"pageSize\":\"15\",\"sort\":\"createTime\",\"order\":\"desc\"}', 'GET', '/zwz/role/getAllByPage', 'admin', '2', 'ROLE-02', 'PC端 | Chrome 113.0.0.0 | Windows Windows 10 or Windows Server 2016');
INSERT INTO `a_log` VALUES ('1663723894877589504', null, '2023-05-31 09:47:41.722000', '0', null, '2023-05-31 09:47:41.722000', '64', '127.0.0.1', '本地测试', '修改菜单权限', '{\"roleId\":\"1536606659751841799\",\"permIds\":\"125909152017944576,1464484663442673664,5129710648430593,1663723467998105600,1663723511849553920,1663723538621796352,40238597734928384,5129710648430594,5129710648430595,56309618086776832,41363147411427328,1530689602321518592,1535166438371889152,1536599942410407936,1536600125332393984,1536600268379131904,1536604417711804416,1536606273959759872,1536606372668510208,1536606464712511488,1536606550951596032,1536606637815631872,1536875505901506560\"}', 'POST', '/zwz/role/editRolePerm', 'admin', '2', 'ROLE-04', 'PC端 | Chrome 113.0.0.0 | Windows Windows 10 or Windows Server 2016');
INSERT INTO `a_log` VALUES ('1663723895884222464', null, '2023-05-31 09:47:41.951000', '0', null, '2023-05-31 09:47:41.951000', '59', '127.0.0.1', '本地测试', '查询菜单', '{}', 'GET', '/zwz/permission/getMenuList', 'admin', '2', 'PERMISSION-02', 'PC端 | Chrome 113.0.0.0 | Windows Windows 10 or Windows Server 2016');
INSERT INTO `a_log` VALUES ('1663723896471425024', null, '2023-05-31 09:47:42.096000', '0', null, '2023-05-31 09:47:42.096000', '31', '127.0.0.1', '本地测试', '查询角色', '{\"pageNumber\":\"1\",\"pageSize\":\"15\",\"sort\":\"createTime\",\"order\":\"desc\"}', 'GET', '/zwz/role/getAllByPage', 'admin', '2', 'ROLE-02', 'PC端 | Chrome 113.0.0.0 | Windows Windows 10 or Windows Server 2016');
INSERT INTO `a_log` VALUES ('1663723905631784960', null, '2023-05-31 09:47:44.282000', '0', null, '2023-05-31 09:47:44.282000', '29', '127.0.0.1', '本地测试', '查询菜单', '{}', 'GET', '/zwz/permission/getMenuList', 'admin', '2', 'PERMISSION-02', 'PC端 | Chrome 113.0.0.0 | Windows Windows 10 or Windows Server 2016');
INSERT INTO `a_log` VALUES ('1663723906281902080', null, '2023-05-31 09:47:44.436000', '0', null, '2023-05-31 09:47:44.436000', '36', '127.0.0.1', '本地测试', '查询角色', '{\"pageNumber\":\"1\",\"pageSize\":\"15\",\"sort\":\"createTime\",\"order\":\"desc\"}', 'GET', '/zwz/role/getAllByPage', 'admin', '2', 'ROLE-02', 'PC端 | Chrome 113.0.0.0 | Windows Windows 10 or Windows Server 2016');
INSERT INTO `a_log` VALUES ('1663723975857016832', null, '2023-05-31 09:48:01.062000', '0', null, '2023-05-31 09:48:01.062000', '72', '127.0.0.1', '本地测试', '查询角色', '{\"pageNumber\":\"1\",\"pageSize\":\"15\",\"sort\":\"createTime\",\"order\":\"desc\"}', 'GET', '/zwz/role/getAllByPage', 'admin', '2', 'ROLE-02', 'PC端 | Chrome 113.0.0.0 | Windows Windows 10 or Windows Server 2016');
INSERT INTO `a_log` VALUES ('1663723989278789634', null, '2023-05-31 09:48:04.229000', '0', null, '2023-05-31 09:48:04.229000', '31', '127.0.0.1', '本地测试', '查看单个配置', '{\"id\":\"FILE_PATH\"}', 'GET', '/zwz/setting/getOne', 'admin', '2', 'SETTING-01', 'PC端 | Chrome 113.0.0.0 | Windows Windows 10 or Windows Server 2016');
INSERT INTO `a_log` VALUES ('1663723989341704196', null, '2023-05-31 09:48:04.276000', '0', null, '2023-05-31 09:48:04.276000', '78', '127.0.0.1', '本地测试', '查询系统文件', '{\"name\":\"\",\"fkey\":\"\",\"type\":\"\",\"pageNumber\":\"1\",\"pageSize\":\"15\",\"sort\":\"createTime\",\"order\":\"desc\",\"startDate\":\"\",\"endDate\":\"\"}', 'GET', '/zwz/file/getByCondition', 'admin', '2', 'FILE-01', 'PC端 | Chrome 113.0.0.0 | Windows Windows 10 or Windows Server 2016');
INSERT INTO `a_log` VALUES ('1663723989933101057', null, '2023-05-31 09:48:04.385000', '0', null, '2023-05-31 09:48:04.385000', '16', '127.0.0.1', '本地测试', '查看单个配置', '{\"id\":\"FILE_HTTP\"}', 'GET', '/zwz/setting/getOne', 'admin', '2', 'SETTING-01', 'PC端 | Chrome 113.0.0.0 | Windows Windows 10 or Windows Server 2016');
INSERT INTO `a_log` VALUES ('1663723990524497921', null, '2023-05-31 09:48:04.535000', '0', null, '2023-05-31 09:48:04.535000', '31', '127.0.0.1', '本地测试', '查看单个配置', '{\"id\":\"FILE_VIEW\"}', 'GET', '/zwz/setting/getOne', 'admin', '2', 'SETTING-01', 'PC端 | Chrome 113.0.0.0 | Windows Windows 10 or Windows Server 2016');
INSERT INTO `a_log` VALUES ('1663724006899060736', null, '2023-05-31 09:48:08.432000', '0', null, '2023-05-31 09:48:08.432000', '43', '127.0.0.1', '本地测试', '查询子部门', '{}', 'GET', '/zwz/department/getByParentId', 'admin', '2', 'DEP-01', 'PC端 | Chrome 113.0.0.0 | Windows Windows 10 or Windows Server 2016');
INSERT INTO `a_log` VALUES ('1663724008174129152', null, '2023-05-31 09:48:08.731000', '0', null, '2023-05-31 09:48:08.731000', '32', '127.0.0.1', '本地测试', '查询用户', '{\"pageNumber\":\"1\",\"pageSize\":\"10\",\"sort\":\"createTime\",\"order\":\"desc\",\"departmentId\":\"\"}', 'GET', '/zwz/myUser/getByPage', 'admin', '2', 'USER-01', 'PC端 | Chrome 113.0.0.0 | Windows Windows 10 or Windows Server 2016');
INSERT INTO `a_log` VALUES ('1663724008367067139', null, '2023-05-31 09:48:08.775000', '0', null, '2023-05-31 09:48:08.775000', '29', '127.0.0.1', '本地测试', '查询子部门', '{}', 'GET', '/zwz/department/getByParentId', 'admin', '2', 'DEP-01', 'PC端 | Chrome 113.0.0.0 | Windows Windows 10 or Windows Server 2016');
INSERT INTO `a_log` VALUES ('1663724015048593412', null, '2023-05-31 09:48:10.373000', '0', null, '2023-05-31 09:48:10.373000', '20', '127.0.0.1', '本地测试', '查询全部角色', '{}', 'GET', '/zwz/role/getAllList', 'admin', '2', 'ROLE-01', 'PC端 | Chrome 113.0.0.0 | Windows Windows 10 or Windows Server 2016');
INSERT INTO `a_log` VALUES ('1663724015048593416', null, '2023-05-31 09:48:10.432000', '0', null, '2023-05-31 09:48:10.432000', '90', '127.0.0.1', '本地测试', '查询子部门', '{}', 'GET', '/zwz/department/getByParentId', 'admin', '2', 'DEP-01', 'PC端 | Chrome 113.0.0.0 | Windows Windows 10 or Windows Server 2016');
INSERT INTO `a_log` VALUES ('1663724015048593420', null, '2023-05-31 09:48:10.412000', '0', null, '2023-05-31 09:48:10.412000', '71', '127.0.0.1', '本地测试', '查询单个数据字典的值', '{}', 'GET', '/zwz/dictData/getByType/sex', 'admin', '2', 'DICT_DATA-01', 'PC端 | Chrome 113.0.0.0 | Windows Windows 10 or Windows Server 2016');
INSERT INTO `a_log` VALUES ('1663724015128285186', null, '2023-05-31 09:48:10.432000', '0', null, '2023-05-31 09:48:10.432000', '90', '127.0.0.1', '本地测试', '查询用户', '{\"nickname\":\"\",\"departmentId\":\"\",\"pageNumber\":\"1\",\"pageSize\":\"20\",\"sort\":\"createTime\",\"order\":\"desc\"}', 'GET', '/zwz/user/getUserList', 'admin', '2', 'USER-07', 'PC端 | Chrome 113.0.0.0 | Windows Windows 10 or Windows Server 2016');
INSERT INTO `a_log` VALUES ('1663724016747286528', null, '2023-05-31 09:48:10.787000', '0', null, '2023-05-31 09:48:10.787000', '46', '127.0.0.1', '本地测试', '查询子部门', '{}', 'GET', '/zwz/department/getByParentId', 'admin', '2', 'DEP-01', 'PC端 | Chrome 113.0.0.0 | Windows Windows 10 or Windows Server 2016');
INSERT INTO `a_log` VALUES ('1663724032962465792', null, '2023-05-31 09:48:14.651000', '0', null, '2023-05-31 09:48:14.651000', '51', '127.0.0.1', '本地测试', '查询角色', '{\"pageNumber\":\"1\",\"pageSize\":\"15\",\"sort\":\"createTime\",\"order\":\"desc\"}', 'GET', '/zwz/role/getAllByPage', 'admin', '2', 'ROLE-02', 'PC端 | Chrome 113.0.0.0 | Windows Windows 10 or Windows Server 2016');
INSERT INTO `a_log` VALUES ('1663724034602438656', null, '2023-05-31 09:48:15.040000', '0', null, '2023-05-31 09:48:15.040000', '38', '127.0.0.1', '本地测试', '查询单个数据字典的值', '{}', 'GET', '/zwz/dictData/getByType/permission_type', 'admin', '2', 'DICT_DATA-01', 'PC端 | Chrome 113.0.0.0 | Windows Windows 10 or Windows Server 2016');
INSERT INTO `a_log` VALUES ('1663724060896530436', null, '2023-05-31 09:48:21.368000', '0', null, '2023-05-31 09:48:21.368000', '81', '127.0.0.1', '本地测试', '查询菜单权限拥有者', '{\"permissionId\":\"1663723467998105600\"}', 'GET', '/zwz/permission/getUserByPermission', 'admin', '2', 'PERMISSION-01', 'PC端 | Chrome 113.0.0.0 | Windows Windows 10 or Windows Server 2016');
INSERT INTO `a_log` VALUES ('1663724069318692869', null, '2023-05-31 09:48:23.312000', '0', null, '2023-05-31 09:48:23.312000', '31', '127.0.0.1', '本地测试', '查询菜单权限拥有者', '{\"permissionId\":\"5129710648430593\"}', 'GET', '/zwz/permission/getUserByPermission', 'admin', '2', 'PERMISSION-01', 'PC端 | Chrome 113.0.0.0 | Windows Windows 10 or Windows Server 2016');
INSERT INTO `a_log` VALUES ('1663724078671990789', null, '2023-05-31 09:48:25.551000', '0', null, '2023-05-31 09:48:25.551000', '40', '127.0.0.1', '本地测试', '查询菜单权限拥有者', '{\"permissionId\":\"40238597734928384\"}', 'GET', '/zwz/permission/getUserByPermission', 'admin', '2', 'PERMISSION-01', 'PC端 | Chrome 113.0.0.0 | Windows Windows 10 or Windows Server 2016');
INSERT INTO `a_log` VALUES ('1663724125681750016', null, '2023-05-31 09:48:36.811000', '0', null, '2023-05-31 09:48:36.811000', '94', '127.0.0.1', '本地测试', '添加菜单', '{\"icon\":\"\",\"type\":\"1\",\"parentId\":\"40238597734928384\",\"level\":\"3\",\"sortOrder\":\"1\",\"buttonType\":\"add\",\"status\":\"0\",\"path\":\"无\",\"title\":\"添加部门\",\"name\":\"\",\"component\":\"\"}', 'POST', '/zwz/permission/add', 'admin', '2', 'PERMISSION-06', 'PC端 | Chrome 113.0.0.0 | Windows Windows 10 or Windows Server 2016');
INSERT INTO `a_log` VALUES ('1663724127510466573', null, '2023-05-31 09:48:37.193000', '0', null, '2023-05-31 09:48:37.193000', '41', '127.0.0.1', '本地测试', '查询单个数据字典的值', '{}', 'GET', '/zwz/dictData/getByType/permission_type', 'admin', '2', 'DICT_DATA-01', 'PC端 | Chrome 113.0.0.0 | Windows Windows 10 or Windows Server 2016');
INSERT INTO `a_log` VALUES ('1663724127510466581', null, '2023-05-31 09:48:37.234000', '0', null, '2023-05-31 09:48:37.234000', '81', '127.0.0.1', '本地测试', '查询菜单', '{}', 'GET', '/zwz/permission/getMenuList', 'admin', '2', 'PERMISSION-02', 'PC端 | Chrome 113.0.0.0 | Windows Windows 10 or Windows Server 2016');
INSERT INTO `a_log` VALUES ('1663724127581769728', null, '2023-05-31 09:48:37.246000', '0', null, '2023-05-31 09:48:37.246000', '94', '127.0.0.1', '本地测试', '查询全部菜单', '{}', 'GET', '/zwz/permission/getAllList', 'admin', '2', 'PERMISSION-04', 'PC端 | Chrome 113.0.0.0 | Windows Windows 10 or Windows Server 2016');
INSERT INTO `a_log` VALUES ('1663724149740277760', null, '2023-05-31 09:48:42.554000', '0', null, '2023-05-31 09:48:42.554000', '99', '127.0.0.1', '本地测试', '添加菜单', '{\"icon\":\"\",\"type\":\"1\",\"parentId\":\"40238597734928384\",\"level\":\"3\",\"sortOrder\":\"2\",\"buttonType\":\"edit\",\"status\":\"0\",\"path\":\"无\",\"title\":\"编辑部门\",\"name\":\"\",\"component\":\"\"}', 'POST', '/zwz/permission/add', 'admin', '2', 'PERMISSION-06', 'PC端 | Chrome 113.0.0.0 | Windows Windows 10 or Windows Server 2016');
INSERT INTO `a_log` VALUES ('1663724151581577234', null, '2023-05-31 09:48:42.933000', '0', null, '2023-05-31 09:48:42.933000', '39', '127.0.0.1', '本地测试', '查询单个数据字典的值', '{}', 'GET', '/zwz/dictData/getByType/permission_type', 'admin', '2', 'DICT_DATA-01', 'PC端 | Chrome 113.0.0.0 | Windows Windows 10 or Windows Server 2016');
INSERT INTO `a_log` VALUES ('1663724151581577241', null, '2023-05-31 09:48:42.995000', '0', null, '2023-05-31 09:48:42.995000', '98', '127.0.0.1', '本地测试', '查询菜单', '{}', 'GET', '/zwz/permission/getMenuList', 'admin', '2', 'PERMISSION-02', 'PC端 | Chrome 113.0.0.0 | Windows Windows 10 or Windows Server 2016');
INSERT INTO `a_log` VALUES ('1663724151661268992', null, '2023-05-31 09:48:42.976000', '0', null, '2023-05-31 09:48:42.976000', '82', '127.0.0.1', '本地测试', '查询全部菜单', '{}', 'GET', '/zwz/permission/getAllList', 'admin', '2', 'PERMISSION-04', 'PC端 | Chrome 113.0.0.0 | Windows Windows 10 or Windows Server 2016');
INSERT INTO `a_log` VALUES ('1663724174402785280', null, '2023-05-31 09:48:48.415000', '0', null, '2023-05-31 09:48:48.415000', '80', '127.0.0.1', '本地测试', '添加菜单', '{\"icon\":\"\",\"type\":\"1\",\"parentId\":\"40238597734928384\",\"level\":\"3\",\"sortOrder\":\"3\",\"buttonType\":\"delete\",\"status\":\"0\",\"path\":\"无\",\"title\":\"删除部门\",\"name\":\"\",\"component\":\"\"}', 'POST', '/zwz/permission/add', 'admin', '2', 'PERMISSION-06', 'PC端 | Chrome 113.0.0.0 | Windows Windows 10 or Windows Server 2016');
INSERT INTO `a_log` VALUES ('1663724176189558784', null, '2023-05-31 09:48:48.792000', '0', null, '2023-05-31 09:48:48.792000', '35', '127.0.0.1', '本地测试', '查询单个数据字典的值', '{}', 'GET', '/zwz/dictData/getByType/permission_type', 'admin', '2', 'DICT_DATA-01', 'PC端 | Chrome 113.0.0.0 | Windows Windows 10 or Windows Server 2016');
INSERT INTO `a_log` VALUES ('1663724176193753092', null, '2023-05-31 09:48:48.812000', '0', null, '2023-05-31 09:48:48.812000', '55', '127.0.0.1', '本地测试', '查询菜单', '{}', 'GET', '/zwz/permission/getMenuList', 'admin', '2', 'PERMISSION-02', 'PC端 | Chrome 113.0.0.0 | Windows Windows 10 or Windows Server 2016');
INSERT INTO `a_log` VALUES ('1663724176235696137', null, '2023-05-31 09:48:48.855000', '0', null, '2023-05-31 09:48:48.855000', '98', '127.0.0.1', '本地测试', '查询全部菜单', '{}', 'GET', '/zwz/permission/getAllList', 'admin', '2', 'PERMISSION-04', 'PC端 | Chrome 113.0.0.0 | Windows Windows 10 or Windows Server 2016');
INSERT INTO `a_log` VALUES ('1663724201527349253', null, '2023-05-31 09:48:54.872000', '0', null, '2023-05-31 09:48:54.872000', '70', '127.0.0.1', '本地测试', '查询菜单权限拥有者', '{\"permissionId\":\"5129710648430594\"}', 'GET', '/zwz/permission/getUserByPermission', 'admin', '2', 'PERMISSION-01', 'PC端 | Chrome 113.0.0.0 | Windows Windows 10 or Windows Server 2016');
INSERT INTO `a_log` VALUES ('1663724230598070272', null, '2023-05-31 09:49:01.813000', '0', null, '2023-05-31 09:49:01.813000', '80', '127.0.0.1', '本地测试', '添加菜单', '{\"icon\":\"\",\"type\":\"1\",\"parentId\":\"5129710648430594\",\"level\":\"3\",\"sortOrder\":\"1\",\"buttonType\":\"add\",\"status\":\"0\",\"path\":\"无\",\"title\":\"添加角色\",\"name\":\"\",\"component\":\"\"}', 'POST', '/zwz/permission/add', 'admin', '2', 'PERMISSION-06', 'PC端 | Chrome 113.0.0.0 | Windows Windows 10 or Windows Server 2016');
INSERT INTO `a_log` VALUES ('1663724231684395010', null, '2023-05-31 09:49:02.037000', '0', null, '2023-05-31 09:49:02.037000', '45', '127.0.0.1', '本地测试', '查询菜单', '{}', 'GET', '/zwz/permission/getMenuList', 'admin', '2', 'PERMISSION-02', 'PC端 | Chrome 113.0.0.0 | Windows Windows 10 or Windows Server 2016');
INSERT INTO `a_log` VALUES ('1663724232393232384', null, '2023-05-31 09:49:02.202000', '0', null, '2023-05-31 09:49:02.202000', '46', '127.0.0.1', '本地测试', '查询单个数据字典的值', '{}', 'GET', '/zwz/dictData/getByType/permission_type', 'admin', '2', 'DICT_DATA-01', 'PC端 | Chrome 113.0.0.0 | Windows Windows 10 or Windows Server 2016');
INSERT INTO `a_log` VALUES ('1663724232506478592', null, '2023-05-31 09:49:02.264000', '0', null, '2023-05-31 09:49:02.264000', '108', '127.0.0.1', '本地测试', '查询全部菜单', '{}', 'GET', '/zwz/permission/getAllList', 'admin', '2', 'PERMISSION-04', 'PC端 | Chrome 113.0.0.0 | Windows Windows 10 or Windows Server 2016');
INSERT INTO `a_log` VALUES ('1663724255348658176', null, '2023-05-31 09:49:07.710000', '0', null, '2023-05-31 09:49:07.710000', '66', '127.0.0.1', '本地测试', '添加菜单', '{\"icon\":\"\",\"type\":\"1\",\"parentId\":\"5129710648430594\",\"level\":\"3\",\"sortOrder\":\"2\",\"buttonType\":\"edit\",\"status\":\"0\",\"path\":\"无\",\"title\":\"编辑角色\",\"name\":\"\",\"component\":\"\"}', 'POST', '/zwz/permission/add', 'admin', '2', 'PERMISSION-06', 'PC端 | Chrome 113.0.0.0 | Windows Windows 10 or Windows Server 2016');
INSERT INTO `a_log` VALUES ('1663724257110265869', null, '2023-05-31 09:49:08.093000', '0', null, '2023-05-31 09:49:08.093000', '40', '127.0.0.1', '本地测试', '查询单个数据字典的值', '{}', 'GET', '/zwz/dictData/getByType/permission_type', 'admin', '2', 'DICT_DATA-01', 'PC端 | Chrome 113.0.0.0 | Windows Windows 10 or Windows Server 2016');
INSERT INTO `a_log` VALUES ('1663724257110265877', null, '2023-05-31 09:49:08.134000', '0', null, '2023-05-31 09:49:08.134000', '83', '127.0.0.1', '本地测试', '查询菜单', '{}', 'GET', '/zwz/permission/getMenuList', 'admin', '2', 'PERMISSION-02', 'PC端 | Chrome 113.0.0.0 | Windows Windows 10 or Windows Server 2016');
INSERT INTO `a_log` VALUES ('1663724257185763328', null, '2023-05-31 09:49:08.154000', '0', null, '2023-05-31 09:49:08.154000', '101', '127.0.0.1', '本地测试', '查询全部菜单', '{}', 'GET', '/zwz/permission/getAllList', 'admin', '2', 'PERMISSION-04', 'PC端 | Chrome 113.0.0.0 | Windows Windows 10 or Windows Server 2016');
INSERT INTO `a_log` VALUES ('1663724279591735296', null, '2023-05-31 09:49:13.492000', '0', null, '2023-05-31 09:49:13.492000', '79', '127.0.0.1', '本地测试', '添加菜单', '{\"icon\":\"\",\"type\":\"1\",\"parentId\":\"5129710648430594\",\"level\":\"3\",\"sortOrder\":\"3\",\"buttonType\":\"delete\",\"status\":\"0\",\"path\":\"无\",\"title\":\"删除角色\",\"name\":\"\",\"component\":\"\"}', 'POST', '/zwz/permission/add', 'admin', '2', 'PERMISSION-06', 'PC端 | Chrome 113.0.0.0 | Windows Windows 10 or Windows Server 2016');
INSERT INTO `a_log` VALUES ('1663724281349148688', null, '2023-05-31 09:49:13.872000', '0', null, '2023-05-31 09:49:13.872000', '39', '127.0.0.1', '本地测试', '查询单个数据字典的值', '{}', 'GET', '/zwz/dictData/getByType/permission_type', 'admin', '2', 'DICT_DATA-01', 'PC端 | Chrome 113.0.0.0 | Windows Windows 10 or Windows Server 2016');
INSERT INTO `a_log` VALUES ('1663724281349148697', null, '2023-05-31 09:49:13.908000', '0', null, '2023-05-31 09:49:13.908000', '75', '127.0.0.1', '本地测试', '查询菜单', '{}', 'GET', '/zwz/permission/getMenuList', 'admin', '2', 'PERMISSION-02', 'PC端 | Chrome 113.0.0.0 | Windows Windows 10 or Windows Server 2016');
INSERT INTO `a_log` VALUES ('1663724281428840455', null, '2023-05-31 09:49:13.931000', '0', null, '2023-05-31 09:49:13.931000', '96', '127.0.0.1', '本地测试', '查询全部菜单', '{}', 'GET', '/zwz/permission/getAllList', 'admin', '2', 'PERMISSION-04', 'PC端 | Chrome 113.0.0.0 | Windows Windows 10 or Windows Server 2016');
INSERT INTO `a_log` VALUES ('1663724286134849537', null, '2023-05-31 09:49:14.992000', '0', null, '2023-05-31 09:49:14.992000', '23', '127.0.0.1', '本地测试', '查询菜单权限拥有者', '{\"permissionId\":\"5129710648430595\"}', 'GET', '/zwz/permission/getUserByPermission', 'admin', '2', 'PERMISSION-01', 'PC端 | Chrome 113.0.0.0 | Windows Windows 10 or Windows Server 2016');
INSERT INTO `a_log` VALUES ('1663724293940449285', null, '2023-05-31 09:49:16.874000', '0', null, '2023-05-31 09:49:16.874000', '39', '127.0.0.1', '本地测试', '查询菜单权限拥有者', '{\"permissionId\":\"5129710648430594\"}', 'GET', '/zwz/permission/getUserByPermission', 'admin', '2', 'PERMISSION-01', 'PC端 | Chrome 113.0.0.0 | Windows Windows 10 or Windows Server 2016');
INSERT INTO `a_log` VALUES ('1663724334776193024', null, '2023-05-31 09:49:26.633000', '0', null, '2023-05-31 09:49:26.633000', '66', '127.0.0.1', '本地测试', '添加菜单', '{\"icon\":\"\",\"type\":\"1\",\"parentId\":\"5129710648430594\",\"level\":\"3\",\"sortOrder\":\"4\",\"buttonType\":\"enable\",\"status\":\"0\",\"path\":\"无\",\"title\":\"分配角色权限\",\"name\":\"\",\"component\":\"\"}', 'POST', '/zwz/permission/add', 'admin', '2', 'PERMISSION-06', 'PC端 | Chrome 113.0.0.0 | Windows Windows 10 or Windows Server 2016');
INSERT INTO `a_log` VALUES ('1663724336491663361', null, '2023-05-31 09:49:27.014000', '0', null, '2023-05-31 09:49:27.014000', '35', '127.0.0.1', '本地测试', '查询单个数据字典的值', '{}', 'GET', '/zwz/dictData/getByType/permission_type', 'admin', '2', 'DICT_DATA-01', 'PC端 | Chrome 113.0.0.0 | Windows Windows 10 or Windows Server 2016');
INSERT INTO `a_log` VALUES ('1663724336495857667', null, '2023-05-31 09:49:27.054000', '0', null, '2023-05-31 09:49:27.054000', '77', '127.0.0.1', '本地测试', '查询菜单', '{}', 'GET', '/zwz/permission/getMenuList', 'admin', '2', 'PERMISSION-02', 'PC端 | Chrome 113.0.0.0 | Windows Windows 10 or Windows Server 2016');
INSERT INTO `a_log` VALUES ('1663724336558772224', null, '2023-05-31 09:49:27.083000', '0', null, '2023-05-31 09:49:27.083000', '105', '127.0.0.1', '本地测试', '查询全部菜单', '{}', 'GET', '/zwz/permission/getAllList', 'admin', '2', 'PERMISSION-04', 'PC端 | Chrome 113.0.0.0 | Windows Windows 10 or Windows Server 2016');
INSERT INTO `a_log` VALUES ('1663724340371394565', null, '2023-05-31 09:49:27.933000', '0', null, '2023-05-31 09:49:27.933000', '28', '127.0.0.1', '本地测试', '查询菜单权限拥有者', '{\"permissionId\":\"5129710648430595\"}', 'GET', '/zwz/permission/getUserByPermission', 'admin', '2', 'PERMISSION-01', 'PC端 | Chrome 113.0.0.0 | Windows Windows 10 or Windows Server 2016');
INSERT INTO `a_log` VALUES ('1663724386382909441', null, '2023-05-31 09:49:38.973000', '0', null, '2023-05-31 09:49:38.973000', '98', '127.0.0.1', '本地测试', '添加菜单', '{\"icon\":\"\",\"type\":\"1\",\"parentId\":\"5129710648430595\",\"level\":\"3\",\"sortOrder\":\"1\",\"buttonType\":\"add\",\"status\":\"0\",\"path\":\"无\",\"title\":\"添加菜单\",\"name\":\"\",\"component\":\"\"}', 'POST', '/zwz/permission/add', 'admin', '2', 'PERMISSION-06', 'PC端 | Chrome 113.0.0.0 | Windows Windows 10 or Windows Server 2016');
INSERT INTO `a_log` VALUES ('1663724387465039874', null, '2023-05-31 09:49:39.173000', '0', null, '2023-05-31 09:49:39.173000', '40', '127.0.0.1', '本地测试', '查询菜单', '{}', 'GET', '/zwz/permission/getMenuList', 'admin', '2', 'PERMISSION-02', 'PC端 | Chrome 113.0.0.0 | Windows Windows 10 or Windows Server 2016');
INSERT INTO `a_log` VALUES ('1663724388199043075', null, '2023-05-31 09:49:39.348000', '0', null, '2023-05-31 09:49:39.348000', '43', '127.0.0.1', '本地测试', '查询单个数据字典的值', '{}', 'GET', '/zwz/dictData/getByType/permission_type', 'admin', '2', 'DICT_DATA-01', 'PC端 | Chrome 113.0.0.0 | Windows Windows 10 or Windows Server 2016');
INSERT INTO `a_log` VALUES ('1663724388287123456', null, '2023-05-31 09:49:39.416000', '0', null, '2023-05-31 09:49:39.416000', '110', '127.0.0.1', '本地测试', '查询全部菜单', '{}', 'GET', '/zwz/permission/getAllList', 'admin', '2', 'PERMISSION-04', 'PC端 | Chrome 113.0.0.0 | Windows Windows 10 or Windows Server 2016');
INSERT INTO `a_log` VALUES ('1663724413931098112', null, '2023-05-31 09:49:45.493000', '0', null, '2023-05-31 09:49:45.493000', '53', '127.0.0.1', '本地测试', '添加菜单', '{\"icon\":\"\",\"type\":\"1\",\"parentId\":\"5129710648430595\",\"level\":\"3\",\"sortOrder\":\"2\",\"buttonType\":\"edit\",\"status\":\"0\",\"path\":\"无\",\"title\":\"编辑菜单\",\"name\":\"\",\"component\":\"\"}', 'POST', '/zwz/permission/add', 'admin', '2', 'PERMISSION-06', 'PC端 | Chrome 113.0.0.0 | Windows Windows 10 or Windows Server 2016');
INSERT INTO `a_log` VALUES ('1663724415566876677', null, '2023-05-31 09:49:45.854000', '0', null, '2023-05-31 09:49:45.854000', '25', '127.0.0.1', '本地测试', '查询单个数据字典的值', '{}', 'GET', '/zwz/dictData/getByType/permission_type', 'admin', '2', 'DICT_DATA-01', 'PC端 | Chrome 113.0.0.0 | Windows Windows 10 or Windows Server 2016');
INSERT INTO `a_log` VALUES ('1663724415571070976', null, '2023-05-31 09:49:45.893000', '0', null, '2023-05-31 09:49:45.893000', '64', '127.0.0.1', '本地测试', '查询菜单', '{}', 'GET', '/zwz/permission/getMenuList', 'admin', '2', 'PERMISSION-02', 'PC端 | Chrome 113.0.0.0 | Windows Windows 10 or Windows Server 2016');
INSERT INTO `a_log` VALUES ('1663724415575265301', null, '2023-05-31 09:49:45.909000', '0', null, '2023-05-31 09:49:45.909000', '79', '127.0.0.1', '本地测试', '查询全部菜单', '{}', 'GET', '/zwz/permission/getAllList', 'admin', '2', 'PERMISSION-04', 'PC端 | Chrome 113.0.0.0 | Windows Windows 10 or Windows Server 2016');
INSERT INTO `a_log` VALUES ('1663724441454120960', null, '2023-05-31 09:49:52.054000', '0', null, '2023-05-31 09:49:52.054000', '53', '127.0.0.1', '本地测试', '添加菜单', '{\"icon\":\"\",\"type\":\"1\",\"parentId\":\"5129710648430595\",\"level\":\"3\",\"sortOrder\":\"3\",\"buttonType\":\"delete\",\"status\":\"0\",\"path\":\"无\",\"title\":\"删除菜单\",\"name\":\"\",\"component\":\"\"}', 'POST', '/zwz/permission/add', 'admin', '2', 'PERMISSION-06', 'PC端 | Chrome 113.0.0.0 | Windows Windows 10 or Windows Server 2016');
INSERT INTO `a_log` VALUES ('1663724443182174208', null, '2023-05-31 09:49:52.437000', '0', null, '2023-05-31 09:49:52.437000', '27', '127.0.0.1', '本地测试', '查询单个数据字典的值', '{}', 'GET', '/zwz/dictData/getByType/permission_type', 'admin', '2', 'DICT_DATA-01', 'PC端 | Chrome 113.0.0.0 | Windows Windows 10 or Windows Server 2016');
INSERT INTO `a_log` VALUES ('1663724443194757124', null, '2023-05-31 09:49:52.473000', '0', null, '2023-05-31 09:49:52.473000', '63', '127.0.0.1', '本地测试', '查询菜单', '{}', 'GET', '/zwz/permission/getMenuList', 'admin', '2', 'PERMISSION-02', 'PC端 | Chrome 113.0.0.0 | Windows Windows 10 or Windows Server 2016');
INSERT INTO `a_log` VALUES ('1663724443370917888', null, '2023-05-31 09:49:52.490000', '0', null, '2023-05-31 09:49:52.490000', '77', '127.0.0.1', '本地测试', '查询全部菜单', '{}', 'GET', '/zwz/permission/getAllList', 'admin', '2', 'PERMISSION-04', 'PC端 | Chrome 113.0.0.0 | Windows Windows 10 or Windows Server 2016');
INSERT INTO `a_log` VALUES ('1663724447074488325', null, '2023-05-31 09:49:53.372000', '0', null, '2023-05-31 09:49:53.372000', '27', '127.0.0.1', '本地测试', '查询菜单权限拥有者', '{\"permissionId\":\"56309618086776832\"}', 'GET', '/zwz/permission/getUserByPermission', 'admin', '2', 'PERMISSION-01', 'PC端 | Chrome 113.0.0.0 | Windows Windows 10 or Windows Server 2016');
INSERT INTO `a_log` VALUES ('1663724628784320512', null, '2023-05-31 09:50:36.715000', '0', null, '2023-05-31 09:50:36.715000', '49', '127.0.0.1', '本地测试', '添加菜单', '{\"icon\":\"\",\"type\":\"1\",\"parentId\":\"56309618086776832\",\"level\":\"3\",\"sortOrder\":\"1\",\"buttonType\":\"add\",\"status\":\"0\",\"path\":\"无\",\"title\":\"上传文件\",\"name\":\"\",\"component\":\"\"}', 'POST', '/zwz/permission/add', 'admin', '2', 'PERMISSION-06', 'PC端 | Chrome 113.0.0.0 | Windows Windows 10 or Windows Server 2016');
INSERT INTO `a_log` VALUES ('1663724629904199680', null, '2023-05-31 09:50:36.955000', '0', null, '2023-05-31 09:50:36.955000', '23', '127.0.0.1', '本地测试', '查询菜单', '{}', 'GET', '/zwz/permission/getMenuList', 'admin', '2', 'PERMISSION-02', 'PC端 | Chrome 113.0.0.0 | Windows Windows 10 or Windows Server 2016');
INSERT INTO `a_log` VALUES ('1663724630361378819', null, '2023-05-31 09:50:37.064000', '0', null, '2023-05-31 09:50:37.064000', '22', '127.0.0.1', '本地测试', '查询单个数据字典的值', '{}', 'GET', '/zwz/dictData/getByType/permission_type', 'admin', '2', 'DICT_DATA-01', 'PC端 | Chrome 113.0.0.0 | Windows Windows 10 or Windows Server 2016');
INSERT INTO `a_log` VALUES ('1663724630432681984', null, '2023-05-31 09:50:37.113000', '0', null, '2023-05-31 09:50:37.113000', '70', '127.0.0.1', '本地测试', '查询全部菜单', '{}', 'GET', '/zwz/permission/getAllList', 'admin', '2', 'PERMISSION-04', 'PC端 | Chrome 113.0.0.0 | Windows Windows 10 or Windows Server 2016');
INSERT INTO `a_log` VALUES ('1663724665195073536', null, '2023-05-31 09:50:45.394000', '0', null, '2023-05-31 09:50:45.394000', '49', '127.0.0.1', '本地测试', '添加菜单', '{\"icon\":\"\",\"type\":\"1\",\"parentId\":\"56309618086776832\",\"level\":\"3\",\"sortOrder\":\"2\",\"buttonType\":\"delete\",\"status\":\"0\",\"path\":\"无\",\"title\":\"删除文件\",\"name\":\"\",\"component\":\"\"}', 'POST', '/zwz/permission/add', 'admin', '2', 'PERMISSION-06', 'PC端 | Chrome 113.0.0.0 | Windows Windows 10 or Windows Server 2016');
INSERT INTO `a_log` VALUES ('1663724666835046403', null, '2023-05-31 09:50:45.755000', '0', null, '2023-05-31 09:50:45.755000', '19', '127.0.0.1', '本地测试', '查询单个数据字典的值', '{}', 'GET', '/zwz/dictData/getByType/permission_type', 'admin', '2', 'DICT_DATA-01', 'PC端 | Chrome 113.0.0.0 | Windows Windows 10 or Windows Server 2016');
INSERT INTO `a_log` VALUES ('1663724666839240704', null, '2023-05-31 09:50:45.792000', '0', null, '2023-05-31 09:50:45.792000', '43', '127.0.0.1', '本地测试', '查询菜单', '{}', 'GET', '/zwz/permission/getMenuList', 'admin', '2', 'PERMISSION-02', 'PC端 | Chrome 113.0.0.0 | Windows Windows 10 or Windows Server 2016');
INSERT INTO `a_log` VALUES ('1663724666897960960', null, '2023-05-31 09:50:45.816000', '0', null, '2023-05-31 09:50:45.816000', '79', '127.0.0.1', '本地测试', '查询全部菜单', '{}', 'GET', '/zwz/permission/getAllList', 'admin', '2', 'PERMISSION-04', 'PC端 | Chrome 113.0.0.0 | Windows Windows 10 or Windows Server 2016');
INSERT INTO `a_log` VALUES ('1663724670660251652', null, '2023-05-31 09:50:46.672000', '0', null, '2023-05-31 09:50:46.672000', '23', '127.0.0.1', '本地测试', '查询菜单权限拥有者', '{\"permissionId\":\"41363147411427328\"}', 'GET', '/zwz/permission/getUserByPermission', 'admin', '2', 'PERMISSION-01', 'PC端 | Chrome 113.0.0.0 | Windows Windows 10 or Windows Server 2016');
INSERT INTO `a_log` VALUES ('1663724674019889157', null, '2023-05-31 09:50:47.472000', '0', null, '2023-05-31 09:50:47.472000', '20', '127.0.0.1', '本地测试', '查询菜单权限拥有者', '{\"permissionId\":\"1530689602321518592\"}', 'GET', '/zwz/permission/getUserByPermission', 'admin', '2', 'PERMISSION-01', 'PC端 | Chrome 113.0.0.0 | Windows Windows 10 or Windows Server 2016');
INSERT INTO `a_log` VALUES ('1663724779993174016', null, '2023-05-31 09:51:12.793000', '0', null, '2023-05-31 09:51:12.793000', '70', '127.0.0.1', '本地测试', '添加菜单', '{\"icon\":\"\",\"type\":\"1\",\"parentId\":\"1530689602321518592\",\"level\":\"3\",\"sortOrder\":\"1\",\"buttonType\":\"add\",\"status\":\"0\",\"path\":\"无\",\"title\":\"添加数据字典\",\"name\":\"\",\"component\":\"\"}', 'POST', '/zwz/permission/add', 'admin', '2', 'PERMISSION-06', 'PC端 | Chrome 113.0.0.0 | Windows Windows 10 or Windows Server 2016');
INSERT INTO `a_log` VALUES ('1663724781742198789', null, '2023-05-31 09:51:13.172000', '0', null, '2023-05-31 09:51:13.172000', '39', '127.0.0.1', '本地测试', '查询单个数据字典的值', '{}', 'GET', '/zwz/dictData/getByType/permission_type', 'admin', '2', 'DICT_DATA-01', 'PC端 | Chrome 113.0.0.0 | Windows Windows 10 or Windows Server 2016');
INSERT INTO `a_log` VALUES ('1663724781742198797', null, '2023-05-31 09:51:13.214000', '0', null, '2023-05-31 09:51:13.214000', '82', '127.0.0.1', '本地测试', '查询菜单', '{}', 'GET', '/zwz/permission/getMenuList', 'admin', '2', 'PERMISSION-02', 'PC端 | Chrome 113.0.0.0 | Windows Windows 10 or Windows Server 2016');
INSERT INTO `a_log` VALUES ('1663724781813501952', null, '2023-05-31 09:51:13.214000', '0', null, '2023-05-31 09:51:13.214000', '82', '127.0.0.1', '本地测试', '查询全部菜单', '{}', 'GET', '/zwz/permission/getAllList', 'admin', '2', 'PERMISSION-04', 'PC端 | Chrome 113.0.0.0 | Windows Windows 10 or Windows Server 2016');
INSERT INTO `a_log` VALUES ('1663724805117054976', null, '2023-05-31 09:51:18.775000', '0', null, '2023-05-31 09:51:18.775000', '70', '127.0.0.1', '本地测试', '添加菜单', '{\"icon\":\"\",\"type\":\"1\",\"parentId\":\"1530689602321518592\",\"level\":\"3\",\"sortOrder\":\"2\",\"buttonType\":\"edit\",\"status\":\"0\",\"path\":\"无\",\"title\":\"编辑数据字典\",\"name\":\"\",\"component\":\"\"}', 'POST', '/zwz/permission/add', 'admin', '2', 'PERMISSION-06', 'PC端 | Chrome 113.0.0.0 | Windows Windows 10 or Windows Server 2016');
INSERT INTO `a_log` VALUES ('1663724806828331020', null, '2023-05-31 09:51:19.155000', '0', null, '2023-05-31 09:51:19.155000', '38', '127.0.0.1', '本地测试', '查询单个数据字典的值', '{}', 'GET', '/zwz/dictData/getByType/permission_type', 'admin', '2', 'DICT_DATA-01', 'PC端 | Chrome 113.0.0.0 | Windows Windows 10 or Windows Server 2016');
INSERT INTO `a_log` VALUES ('1663724806828331029', null, '2023-05-31 09:51:19.196000', '0', null, '2023-05-31 09:51:19.196000', '82', '127.0.0.1', '本地测试', '查询菜单', '{}', 'GET', '/zwz/permission/getMenuList', 'admin', '2', 'PERMISSION-02', 'PC端 | Chrome 113.0.0.0 | Windows Windows 10 or Windows Server 2016');
INSERT INTO `a_log` VALUES ('1663724806912217088', null, '2023-05-31 09:51:19.214000', '0', null, '2023-05-31 09:51:19.214000', '98', '127.0.0.1', '本地测试', '查询全部菜单', '{}', 'GET', '/zwz/permission/getAllList', 'admin', '2', 'PERMISSION-04', 'PC端 | Chrome 113.0.0.0 | Windows Windows 10 or Windows Server 2016');
INSERT INTO `a_log` VALUES ('1663724828139589632', null, '2023-05-31 09:51:24.236000', '0', null, '2023-05-31 09:51:24.236000', '43', '127.0.0.1', '本地测试', '添加菜单', '{\"icon\":\"\",\"type\":\"1\",\"parentId\":\"1530689602321518592\",\"level\":\"3\",\"sortOrder\":\"3\",\"buttonType\":\"delete\",\"status\":\"0\",\"path\":\"无\",\"title\":\"删除数据字典\",\"name\":\"\",\"component\":\"\"}', 'POST', '/zwz/permission/add', 'admin', '2', 'PERMISSION-06', 'PC端 | Chrome 113.0.0.0 | Windows Windows 10 or Windows Server 2016');
INSERT INTO `a_log` VALUES ('1663724829720842244', null, '2023-05-31 09:51:24.608000', '0', null, '2023-05-31 09:51:24.608000', '36', '127.0.0.1', '本地测试', '查询单个数据字典的值', '{}', 'GET', '/zwz/dictData/getByType/permission_type', 'admin', '2', 'DICT_DATA-01', 'PC端 | Chrome 113.0.0.0 | Windows Windows 10 or Windows Server 2016');
INSERT INTO `a_log` VALUES ('1663724829725036551', null, '2023-05-31 09:51:24.655000', '0', null, '2023-05-31 09:51:24.655000', '82', '127.0.0.1', '本地测试', '查询菜单', '{}', 'GET', '/zwz/permission/getMenuList', 'admin', '2', 'PERMISSION-02', 'PC端 | Chrome 113.0.0.0 | Windows Windows 10 or Windows Server 2016');
INSERT INTO `a_log` VALUES ('1663724829817311232', null, '2023-05-31 09:51:24.670000', '0', null, '2023-05-31 09:51:24.670000', '97', '127.0.0.1', '本地测试', '查询全部菜单', '{}', 'GET', '/zwz/permission/getAllList', 'admin', '2', 'PERMISSION-04', 'PC端 | Chrome 113.0.0.0 | Windows Windows 10 or Windows Server 2016');
INSERT INTO `a_log` VALUES ('1663724960046256128', null, '2023-05-31 09:51:55.721000', '0', null, '2023-05-31 09:51:55.721000', '80', '127.0.0.1', '本地测试', '查询角色', '{\"pageNumber\":\"1\",\"pageSize\":\"15\",\"sort\":\"createTime\",\"order\":\"desc\"}', 'GET', '/zwz/role/getAllByPage', 'admin', '2', 'ROLE-02', 'PC端 | Chrome 113.0.0.0 | Windows Windows 10 or Windows Server 2016');
INSERT INTO `a_log` VALUES ('1663725019093667840', null, '2023-05-31 09:52:09.792000', '0', null, '2023-05-31 09:52:09.792000', '89', '127.0.0.1', '本地测试', '修改菜单权限', '{\"roleId\":\"1536606659751841799\",\"permIds\":\"125909152017944576,1464484663442673664,5129710648430593,1663723467998105600,1663723511849553920,1663723538621796352,40238597734928384,1663724125664972800,1663724149731889152,1663724174398590976,5129710648430594,1663724230593875968,1663724255319298048,1663724279579152384,1663724334755221504,5129710648430595,1663724386382909440,1663724413914320896,1663724441433149440,56309618086776832,1663724628767543296,1663724665174102016,41363147411427328,1530689602321518592,1663724779984785408,1663724805096083456,1663724828114423808,1535166438371889152,1536599942410407936,1536600125332393984,1536600268379131904,1536604417711804416,1536606273959759872,1536606372668510208,1536606464712511488,1536606550951596032,1536606637815631872,1536875505901506560\"}', 'POST', '/zwz/role/editRolePerm', 'admin', '2', 'ROLE-04', 'PC端 | Chrome 113.0.0.0 | Windows Windows 10 or Windows Server 2016');
INSERT INTO `a_log` VALUES ('1663725020138049548', null, '2023-05-31 09:52:10.023000', '0', null, '2023-05-31 09:52:10.023000', '68', '127.0.0.1', '本地测试', '查询菜单', '{}', 'GET', '/zwz/permission/getMenuList', 'admin', '2', 'PERMISSION-02', 'PC端 | Chrome 113.0.0.0 | Windows Windows 10 or Windows Server 2016');
INSERT INTO `a_log` VALUES ('1663725020813332480', null, '2023-05-31 09:52:10.170000', '0', null, '2023-05-31 09:52:10.170000', '43', '127.0.0.1', '本地测试', '查询角色', '{\"pageNumber\":\"1\",\"pageSize\":\"15\",\"sort\":\"createTime\",\"order\":\"desc\"}', 'GET', '/zwz/role/getAllByPage', 'admin', '2', 'ROLE-02', 'PC端 | Chrome 113.0.0.0 | Windows Windows 10 or Windows Server 2016');
INSERT INTO `a_log` VALUES ('1663725576407617540', null, '2023-05-31 09:54:22.677000', '0', null, '2023-05-31 09:54:22.677000', '78', '127.0.0.1', '本地测试', '查询子部门', '{}', 'GET', '/zwz/department/getByParentId', 'admin', '2', 'DEP-01', 'PC端 | Chrome 113.0.0.0 | Windows Windows 10 or Windows Server 2016');
INSERT INTO `a_log` VALUES ('1663725576407617545', null, '2023-05-31 09:54:22.677000', '0', null, '2023-05-31 09:54:22.677000', '78', '127.0.0.1', '本地测试', '查询用户', '{\"pageNumber\":\"1\",\"pageSize\":\"10\",\"sort\":\"createTime\",\"order\":\"desc\",\"departmentId\":\"\"}', 'GET', '/zwz/myUser/getByPage', 'admin', '2', 'USER-01', 'PC端 | Chrome 113.0.0.0 | Windows Windows 10 or Windows Server 2016');
INSERT INTO `a_log` VALUES ('1663725578047590400', null, '2023-05-31 09:54:23.014000', '0', null, '2023-05-31 09:54:23.014000', '28', '127.0.0.1', '本地测试', '查询子部门', '{}', 'GET', '/zwz/department/getByParentId', 'admin', '2', 'DEP-01', 'PC端 | Chrome 113.0.0.0 | Windows Windows 10 or Windows Server 2016');
INSERT INTO `a_log` VALUES ('1663725622079393792', null, '2023-05-31 09:54:33.548000', '0', null, '2023-05-31 09:54:33.548000', '67', '127.0.0.1', '本地测试', '查询子部门', '{}', 'GET', '/zwz/department/getByParentId', 'admin', '2', 'DEP-01', 'PC端 | Chrome 113.0.0.0 | Windows Windows 10 or Windows Server 2016');
INSERT INTO `a_log` VALUES ('1663725623052472320', null, '2023-05-31 09:54:33.744000', '0', null, '2023-05-31 09:54:33.744000', '29', '127.0.0.1', '本地测试', '查询用户', '{\"pageNumber\":\"1\",\"pageSize\":\"10\",\"sort\":\"createTime\",\"order\":\"desc\",\"departmentId\":\"\"}', 'GET', '/zwz/myUser/getByPage', 'admin', '2', 'USER-01', 'PC端 | Chrome 113.0.0.0 | Windows Windows 10 or Windows Server 2016');
INSERT INTO `a_log` VALUES ('1663725623337684992', null, '2023-05-31 09:54:33.815000', '0', null, '2023-05-31 09:54:33.815000', '30', '127.0.0.1', '本地测试', '查询子部门', '{}', 'GET', '/zwz/department/getByParentId', 'admin', '2', 'DEP-01', 'PC端 | Chrome 113.0.0.0 | Windows Windows 10 or Windows Server 2016');
INSERT INTO `a_log` VALUES ('1663725642333687808', null, '2023-05-31 09:54:38.345000', '0', null, '2023-05-31 09:54:38.345000', '30', '127.0.0.1', '本地测试', '查询菜单', '{}', 'GET', '/zwz/permission/getMenuList', 'admin', '2', 'PERMISSION-02', 'PC端 | Chrome 113.0.0.0 | Windows Windows 10 or Windows Server 2016');
INSERT INTO `a_log` VALUES ('1663725643168354312', null, '2023-05-31 09:54:38.560000', '0', null, '2023-05-31 09:54:38.560000', '49', '127.0.0.1', '本地测试', '查询用户', '{\"pageNumber\":\"1\",\"pageSize\":\"10\",\"sort\":\"createTime\",\"order\":\"desc\",\"departmentId\":\"\"}', 'GET', '/zwz/myUser/getByPage', 'admin', '2', 'USER-01', 'PC端 | Chrome 113.0.0.0 | Windows Windows 10 or Windows Server 2016');
INSERT INTO `a_log` VALUES ('1663725643168354313', null, '2023-05-31 09:54:38.560000', '0', null, '2023-05-31 09:54:38.560000', '49', '127.0.0.1', '本地测试', '查询子部门', '{}', 'GET', '/zwz/department/getByParentId', 'admin', '2', 'DEP-01', 'PC端 | Chrome 113.0.0.0 | Windows Windows 10 or Windows Server 2016');
INSERT INTO `a_log` VALUES ('1663725644737024005', null, '2023-05-31 09:54:38.924000', '0', null, '2023-05-31 09:54:38.924000', '33', '127.0.0.1', '本地测试', '查询子部门', '{}', 'GET', '/zwz/department/getByParentId', 'admin', '2', 'DEP-01', 'PC端 | Chrome 113.0.0.0 | Windows Windows 10 or Windows Server 2016');
INSERT INTO `a_log` VALUES ('1663726129892167680', null, '2023-05-31 09:56:34.609000', '0', null, '2023-05-31 09:56:34.609000', '57', '127.0.0.1', '本地测试', '查询单个数据字典的值', '{}', 'GET', '/zwz/dictData/getByType/permission_type', 'admin', '2', 'DICT_DATA-01', 'PC端 | Chrome 113.0.0.0 | Windows Windows 10 or Windows Server 2016');
INSERT INTO `a_log` VALUES ('1663726137840373762', null, '2023-05-31 09:56:36.475000', '0', null, '2023-05-31 09:56:36.475000', '23', '127.0.0.1', '本地测试', '查询菜单权限拥有者', '{\"permissionId\":\"56309618086776832\"}', 'GET', '/zwz/permission/getUserByPermission', 'admin', '2', 'PERMISSION-01', 'PC端 | Chrome 113.0.0.0 | Windows Windows 10 or Windows Server 2016');
INSERT INTO `a_log` VALUES ('1663726175098376192', null, '2023-05-31 09:56:45.396000', '0', null, '2023-05-31 09:56:45.396000', '58', '127.0.0.1', '本地测试', '添加菜单', '{\"icon\":\"\",\"type\":\"1\",\"parentId\":\"56309618086776832\",\"level\":\"3\",\"sortOrder\":\"3\",\"buttonType\":\"enable\",\"status\":\"0\",\"path\":\"无\",\"title\":\"文件存储配置\",\"name\":\"\",\"component\":\"\"}', 'POST', '/zwz/permission/add', 'admin', '2', 'PERMISSION-06', 'PC端 | Chrome 113.0.0.0 | Windows Windows 10 or Windows Server 2016');
INSERT INTO `a_log` VALUES ('1663726176176312322', null, '2023-05-31 09:56:45.615000', '0', null, '2023-05-31 09:56:45.615000', '20', '127.0.0.1', '本地测试', '查询菜单', '{}', 'GET', '/zwz/permission/getMenuList', 'admin', '2', 'PERMISSION-02', 'PC端 | Chrome 113.0.0.0 | Windows Windows 10 or Windows Server 2016');
INSERT INTO `a_log` VALUES ('1663726176813846530', null, '2023-05-31 09:56:45.778000', '0', null, '2023-05-31 09:56:45.778000', '34', '127.0.0.1', '本地测试', '查询单个数据字典的值', '{}', 'GET', '/zwz/dictData/getByType/permission_type', 'admin', '2', 'DICT_DATA-01', 'PC端 | Chrome 113.0.0.0 | Windows Windows 10 or Windows Server 2016');
INSERT INTO `a_log` VALUES ('1663726176893538304', null, '2023-05-31 09:56:45.819000', '0', null, '2023-05-31 09:56:45.819000', '73', '127.0.0.1', '本地测试', '查询全部菜单', '{}', 'GET', '/zwz/permission/getAllList', 'admin', '2', 'PERMISSION-04', 'PC端 | Chrome 113.0.0.0 | Windows Windows 10 or Windows Server 2016');
INSERT INTO `a_log` VALUES ('1663726177690456102', null, '2023-05-31 09:56:45.981000', '0', null, '2023-05-31 09:56:45.981000', '32', '127.0.0.1', '本地测试', '查询角色', '{\"pageNumber\":\"1\",\"pageSize\":\"15\",\"sort\":\"createTime\",\"order\":\"desc\"}', 'GET', '/zwz/role/getAllByPage', 'admin', '2', 'ROLE-02', 'PC端 | Chrome 113.0.0.0 | Windows Windows 10 or Windows Server 2016');
INSERT INTO `a_log` VALUES ('1663726203980353536', null, '2023-05-31 09:56:52.277000', '0', null, '2023-05-31 09:56:52.277000', '56', '127.0.0.1', '本地测试', '修改菜单权限', '{\"roleId\":\"1536606659751841799\",\"permIds\":\"125909152017944576,1464484663442673664,5129710648430593,1663723467998105600,1663723511849553920,1663723538621796352,40238597734928384,1663724125664972800,1663724149731889152,1663724174398590976,5129710648430594,1663724230593875968,1663724255319298048,1663724279579152384,1663724334755221504,5129710648430595,1663724386382909440,1663724413914320896,1663724441433149440,56309618086776832,1663724628767543296,1663724665174102016,1663726175089987584,41363147411427328,1530689602321518592,1663724779984785408,1663724805096083456,1663724828114423808,1535166438371889152,1536599942410407936,1536600125332393984,1536600268379131904,1536604417711804416,1536606273959759872,1536606372668510208,1536606464712511488,1536606550951596032,1536606637815631872,1536875505901506560\"}', 'POST', '/zwz/role/editRolePerm', 'admin', '2', 'ROLE-04', 'PC端 | Chrome 113.0.0.0 | Windows Windows 10 or Windows Server 2016');
INSERT INTO `a_log` VALUES ('1663726205037318164', null, '2023-05-31 09:56:52.514000', '0', null, '2023-05-31 09:56:52.514000', '56', '127.0.0.1', '本地测试', '查询菜单', '{}', 'GET', '/zwz/permission/getMenuList', 'admin', '2', 'PERMISSION-02', 'PC端 | Chrome 113.0.0.0 | Windows Windows 10 or Windows Server 2016');
INSERT INTO `a_log` VALUES ('1663726205628715008', null, '2023-05-31 09:56:52.636000', '0', null, '2023-05-31 09:56:52.636000', '28', '127.0.0.1', '本地测试', '查询角色', '{\"pageNumber\":\"1\",\"pageSize\":\"15\",\"sort\":\"createTime\",\"order\":\"desc\"}', 'GET', '/zwz/role/getAllByPage', 'admin', '2', 'ROLE-02', 'PC端 | Chrome 113.0.0.0 | Windows Windows 10 or Windows Server 2016');
INSERT INTO `a_log` VALUES ('1663726279112921092', null, '2023-05-31 09:57:10.204000', '0', null, '2023-05-31 09:57:10.204000', '89', '127.0.0.1', '本地测试', '修改菜单权限', '{\"roleId\":\"1536606659751841795\",\"permIds\":\"125909152017944576,1464484663442673664,5129710648430593,40238597734928384,5129710648430594,5129710648430595,56309618086776832,41363147411427328,1530689602321518592,1535166438371889152,1536599942410407936,1536600125332393984,1536600268379131904,1536604417711804416,1536606273959759872,1536606372668510208,1536606464712511488,1536606550951596032,1536606637815631872,1536875505901506560\"}', 'POST', '/zwz/role/editRolePerm', 'admin', '2', 'ROLE-04', 'PC端 | Chrome 113.0.0.0 | Windows Windows 10 or Windows Server 2016');
INSERT INTO `a_log` VALUES ('1663726280870334564', null, '2023-05-31 09:57:10.575000', '0', null, '2023-05-31 09:57:10.575000', '34', '127.0.0.1', '本地测试', '查询角色', '{\"pageNumber\":\"1\",\"pageSize\":\"15\",\"sort\":\"createTime\",\"order\":\"desc\"}', 'GET', '/zwz/role/getAllByPage', 'admin', '2', 'ROLE-02', 'PC端 | Chrome 113.0.0.0 | Windows Windows 10 or Windows Server 2016');
INSERT INTO `a_log` VALUES ('1663726280950026250', null, '2023-05-31 09:57:10.635000', '0', null, '2023-05-31 09:57:10.635000', '94', '127.0.0.1', '本地测试', '查询菜单', '{}', 'GET', '/zwz/permission/getMenuList', 'admin', '2', 'PERMISSION-02', 'PC端 | Chrome 113.0.0.0 | Windows Windows 10 or Windows Server 2016');
INSERT INTO `a_log` VALUES ('1663726285664423936', null, '2023-05-31 09:57:11.728000', '0', null, '2023-05-31 09:57:11.728000', '31', '127.0.0.1', '本地测试', '查询菜单', '{}', 'GET', '/zwz/permission/getMenuList', 'admin', '2', 'PERMISSION-02', 'PC端 | Chrome 113.0.0.0 | Windows Windows 10 or Windows Server 2016');
INSERT INTO `a_log` VALUES ('1663726286377455616', null, '2023-05-31 09:57:11.899000', '0', null, '2023-05-31 09:57:11.899000', '43', '127.0.0.1', '本地测试', '查询角色', '{\"pageNumber\":\"1\",\"pageSize\":\"15\",\"sort\":\"createTime\",\"order\":\"desc\"}', 'GET', '/zwz/role/getAllByPage', 'admin', '2', 'ROLE-02', 'PC端 | Chrome 113.0.0.0 | Windows Windows 10 or Windows Server 2016');
INSERT INTO `a_log` VALUES ('1663726291519672320', null, '2023-05-31 09:57:13.122000', '0', null, '2023-05-31 09:57:13.122000', '27', '127.0.0.1', '本地测试', '查询全部角色', '{}', 'GET', '/zwz/role/getAllList', 'admin', '2', 'ROLE-01', 'PC端 | Chrome 113.0.0.0 | Windows Windows 10 or Windows Server 2016');
INSERT INTO `a_log` VALUES ('1663726291528060928', null, '2023-05-31 09:57:13.124000', '0', null, '2023-05-31 09:57:13.124000', '29', '127.0.0.1', '本地测试', '查询单个数据字典的值', '{}', 'GET', '/zwz/dictData/getByType/sex', 'admin', '2', 'DICT_DATA-01', 'PC端 | Chrome 113.0.0.0 | Windows Windows 10 or Windows Server 2016');
INSERT INTO `a_log` VALUES ('1663726291536449536', null, '2023-05-31 09:57:13.155000', '0', null, '2023-05-31 09:57:13.155000', '58', '127.0.0.1', '本地测试', '查询子部门', '{}', 'GET', '/zwz/department/getByParentId', 'admin', '2', 'DEP-01', 'PC端 | Chrome 113.0.0.0 | Windows Windows 10 or Windows Server 2016');
INSERT INTO `a_log` VALUES ('1663726291620335616', null, '2023-05-31 09:57:13.175000', '0', null, '2023-05-31 09:57:13.175000', '74', '127.0.0.1', '本地测试', '查询用户', '{\"nickname\":\"\",\"departmentId\":\"\",\"pageNumber\":\"1\",\"pageSize\":\"20\",\"sort\":\"createTime\",\"order\":\"desc\"}', 'GET', '/zwz/user/getUserList', 'admin', '2', 'USER-07', 'PC端 | Chrome 113.0.0.0 | Windows Windows 10 or Windows Server 2016');
INSERT INTO `a_log` VALUES ('1663726291771330566', null, '2023-05-31 09:57:13.175000', '0', null, '2023-05-31 09:57:13.175000', '20', '127.0.0.1', '本地测试', '查询子部门', '{}', 'GET', '/zwz/department/getByParentId', 'admin', '2', 'DEP-01', 'PC端 | Chrome 113.0.0.0 | Windows Windows 10 or Windows Server 2016');
INSERT INTO `a_log` VALUES ('1663726316769382400', null, '2023-05-31 09:57:19.175000', '0', null, '2023-05-31 09:57:19.175000', '60', '127.0.0.1', '本地测试', '登录系统', '{\"username\":\"13600000001\",\"password\":\"\",\"code\":\"4036\",\"captchaId\":\"8e8e512b4f884085967a27efab3b58eb\",\"saveLogin\":\"true\"}', 'POST', '/zwz/login', '13600000001', '1', '', 'PC端 | Chrome 113.0.0.0 | Windows Windows 10 or Windows Server 2016');
INSERT INTO `a_log` VALUES ('1663726318111559682', null, '2023-05-31 09:57:19.455000', '0', null, '2023-05-31 09:57:19.455000', '21', '127.0.0.1', '本地测试', '获取当前登录用户', '{}', 'GET', '/zwz/user/info', '13600000001', '2', 'USER-02', 'PC端 | Chrome 113.0.0.0 | Windows Windows 10 or Windows Server 2016');
INSERT INTO `a_log` VALUES ('1663726319197884416', null, '2023-05-31 09:57:19.715000', '0', null, '2023-05-31 09:57:19.715000', '39', '127.0.0.1', '本地测试', '查询菜单', '{}', 'GET', '/zwz/permission/getMenuList', '13600000001', '2', 'PERMISSION-02', 'PC端 | Chrome 113.0.0.0 | Windows Windows 10 or Windows Server 2016');
INSERT INTO `a_log` VALUES ('1663726327871705088', null, '2023-05-31 09:57:21.788000', '0', null, '2023-05-31 09:57:21.788000', '28', '127.0.0.1', '本地测试', '查询菜单', '{}', 'GET', '/zwz/permission/getMenuList', '13600000001', '2', 'PERMISSION-02', 'PC端 | Chrome 113.0.0.0 | Windows Windows 10 or Windows Server 2016');
INSERT INTO `a_log` VALUES ('1663726328794451968', null, '2023-05-31 09:57:22.008000', '0', null, '2023-05-31 09:57:22.008000', '34', '127.0.0.1', '本地测试', '查询个人门户菜单B', '{}', 'POST', '/zwz/myDoor/getMyDoorList6', '13600000001', '2', 'MY-DOOR-02', 'PC端 | Chrome 113.0.0.0 | Windows Windows 10 or Windows Server 2016');
INSERT INTO `a_log` VALUES ('1663726338407796737', null, '2023-05-31 09:57:24.297000', '0', null, '2023-05-31 09:57:24.297000', '24', '127.0.0.1', '本地测试', '查询全部角色', '{}', 'GET', '/zwz/role/getAllList', '13600000001', '2', 'ROLE-01', 'PC端 | Chrome 113.0.0.0 | Windows Windows 10 or Windows Server 2016');
INSERT INTO `a_log` VALUES ('1663726338416185344', null, '2023-05-31 09:57:24.316000', '0', null, '2023-05-31 09:57:24.316000', '44', '127.0.0.1', '本地测试', '查询单个数据字典的值', '{}', 'GET', '/zwz/dictData/getByType/sex', '13600000001', '2', 'DICT_DATA-01', 'PC端 | Chrome 113.0.0.0 | Windows Windows 10 or Windows Server 2016');
INSERT INTO `a_log` VALUES ('1663726338445545473', null, '2023-05-31 09:57:24.335000', '0', null, '2023-05-31 09:57:24.335000', '62', '127.0.0.1', '本地测试', '查询用户', '{\"nickname\":\"\",\"departmentId\":\"\",\"pageNumber\":\"1\",\"pageSize\":\"20\",\"sort\":\"createTime\",\"order\":\"desc\"}', 'GET', '/zwz/user/getUserList', '13600000001', '2', 'USER-07', 'PC端 | Chrome 113.0.0.0 | Windows Windows 10 or Windows Server 2016');
INSERT INTO `a_log` VALUES ('1663726338445545474', null, '2023-05-31 09:57:24.335000', '0', null, '2023-05-31 09:57:24.335000', '65', '127.0.0.1', '本地测试', '查询子部门', '{}', 'GET', '/zwz/department/getByParentId', '13600000001', '2', 'DEP-01', 'PC端 | Chrome 113.0.0.0 | Windows Windows 10 or Windows Server 2016');
INSERT INTO `a_log` VALUES ('1663726340068741123', null, '2023-05-31 09:57:24.694000', '0', null, '2023-05-31 09:57:24.694000', '25', '127.0.0.1', '本地测试', '查询子部门', '{}', 'GET', '/zwz/department/getByParentId', '13600000001', '2', 'DEP-01', 'PC端 | Chrome 113.0.0.0 | Windows Windows 10 or Windows Server 2016');
INSERT INTO `a_log` VALUES ('1663726352794259459', null, '2023-05-31 09:57:27.731000', '0', null, '2023-05-31 09:57:27.731000', '29', '127.0.0.1', '本地测试', '查询子部门', '{}', 'GET', '/zwz/department/getByParentId', '13600000001', '2', 'DEP-01', 'PC端 | Chrome 113.0.0.0 | Windows Windows 10 or Windows Server 2016');
INSERT INTO `a_log` VALUES ('1663726353586982912', null, '2023-05-31 09:57:27.919000', '0', null, '2023-05-31 09:57:27.919000', '34', '127.0.0.1', '本地测试', '查询用户', '{\"pageNumber\":\"1\",\"pageSize\":\"10\",\"sort\":\"createTime\",\"order\":\"desc\",\"departmentId\":\"\"}', 'GET', '/zwz/myUser/getByPage', '13600000001', '2', 'USER-01', 'PC端 | Chrome 113.0.0.0 | Windows Windows 10 or Windows Server 2016');
INSERT INTO `a_log` VALUES ('1663726354073522179', null, '2023-05-31 09:57:28.035000', '0', null, '2023-05-31 09:57:28.035000', '27', '127.0.0.1', '本地测试', '查询子部门', '{}', 'GET', '/zwz/department/getByParentId', '13600000001', '2', 'DEP-01', 'PC端 | Chrome 113.0.0.0 | Windows Windows 10 or Windows Server 2016');
INSERT INTO `a_log` VALUES ('1663726355390533635', null, '2023-05-31 09:57:28.350000', '0', null, '2023-05-31 09:57:28.350000', '31', '127.0.0.1', '本地测试', '查询子部门', '{}', 'GET', '/zwz/department/getByParentId', '13600000001', '2', 'DEP-01', 'PC端 | Chrome 113.0.0.0 | Windows Windows 10 or Windows Server 2016');
INSERT INTO `a_log` VALUES ('1663726356686573570', null, '2023-05-31 09:57:28.659000', '0', null, '2023-05-31 09:57:28.659000', '29', '127.0.0.1', '本地测试', '查询单个数据字典的值', '{}', 'GET', '/zwz/dictData/getByType/sex', '13600000001', '2', 'DICT_DATA-01', 'PC端 | Chrome 113.0.0.0 | Windows Windows 10 or Windows Server 2016');
INSERT INTO `a_log` VALUES ('1663726356686573571', null, '2023-05-31 09:57:28.657000', '0', null, '2023-05-31 09:57:28.657000', '24', '127.0.0.1', '本地测试', '查询全部角色', '{}', 'GET', '/zwz/role/getAllList', '13600000001', '2', 'ROLE-01', 'PC端 | Chrome 113.0.0.0 | Windows Windows 10 or Windows Server 2016');
INSERT INTO `a_log` VALUES ('1663726356720128001', null, '2023-05-31 09:57:28.663000', '0', null, '2023-05-31 09:57:28.663000', '29', '127.0.0.1', '本地测试', '查询用户', '{\"nickname\":\"\",\"departmentId\":\"\",\"pageNumber\":\"1\",\"pageSize\":\"20\",\"sort\":\"createTime\",\"order\":\"desc\"}', 'GET', '/zwz/user/getUserList', '13600000001', '2', 'USER-07', 'PC端 | Chrome 113.0.0.0 | Windows Windows 10 or Windows Server 2016');
INSERT INTO `a_log` VALUES ('1663726356829179907', null, '2023-05-31 09:57:28.689000', '0', null, '2023-05-31 09:57:28.689000', '27', '127.0.0.1', '本地测试', '查询子部门', '{}', 'GET', '/zwz/department/getByParentId', '13600000001', '2', 'DEP-01', 'PC端 | Chrome 113.0.0.0 | Windows Windows 10 or Windows Server 2016');
INSERT INTO `a_log` VALUES ('1663726419626299395', null, '2023-05-31 09:57:43.725000', '0', null, '2023-05-31 09:57:43.725000', '94', '127.0.0.1', '本地测试', '查询子部门', '{}', 'GET', '/zwz/department/getByParentId', '13600000001', '2', 'DEP-01', 'PC端 | Chrome 113.0.0.0 | Windows Windows 10 or Windows Server 2016');
INSERT INTO `a_log` VALUES ('1663726420330942466', null, '2023-05-31 09:57:43.845000', '0', null, '2023-05-31 09:57:43.845000', '40', '127.0.0.1', '本地测试', '查询单个数据字典的值', '{}', 'GET', '/zwz/dictData/getByType/sex', '13600000001', '2', 'DICT_DATA-01', 'PC端 | Chrome 113.0.0.0 | Windows Windows 10 or Windows Server 2016');
INSERT INTO `a_log` VALUES ('1663726420523880449', null, '2023-05-31 09:57:43.892000', '0', null, '2023-05-31 09:57:43.892000', '40', '127.0.0.1', '本地测试', '查询全部角色', '{}', 'GET', '/zwz/role/getAllList', '13600000001', '2', 'ROLE-01', 'PC端 | Chrome 113.0.0.0 | Windows Windows 10 or Windows Server 2016');
INSERT INTO `a_log` VALUES ('1663726420985253890', null, '2023-05-31 09:57:44.003000', '0', null, '2023-05-31 09:57:44.003000', '50', '127.0.0.1', '本地测试', '查询子部门', '{}', 'GET', '/zwz/department/getByParentId', '13600000001', '2', 'DEP-01', 'PC端 | Chrome 113.0.0.0 | Windows Windows 10 or Windows Server 2016');
INSERT INTO `a_log` VALUES ('1663726421023002624', null, '2023-05-31 09:57:44.040000', '0', null, '2023-05-31 09:57:44.040000', '86', '127.0.0.1', '本地测试', '查询用户', '{\"nickname\":\"\",\"departmentId\":\"\",\"pageNumber\":\"1\",\"pageSize\":\"20\",\"sort\":\"createTime\",\"order\":\"desc\"}', 'GET', '/zwz/user/getUserList', '13600000001', '2', 'USER-07', 'PC端 | Chrome 113.0.0.0 | Windows Windows 10 or Windows Server 2016');
INSERT INTO `a_log` VALUES ('1663726431374544898', null, '2023-05-31 09:57:46.471000', '0', null, '2023-05-31 09:57:46.471000', '47', '127.0.0.1', '本地测试', '查询菜单', '{}', 'GET', '/zwz/permission/getMenuList', '13600000001', '2', 'PERMISSION-02', 'PC端 | Chrome 113.0.0.0 | Windows Windows 10 or Windows Server 2016');
INSERT INTO `a_log` VALUES ('1663726433605914630', null, '2023-05-31 09:57:47.017000', '0', null, '2023-05-31 09:57:47.017000', '46', '127.0.0.1', '本地测试', '查询全部角色', '{}', 'GET', '/zwz/role/getAllList', '13600000001', '2', 'ROLE-01', 'PC端 | Chrome 113.0.0.0 | Windows Windows 10 or Windows Server 2016');
INSERT INTO `a_log` VALUES ('1663726433668829190', null, '2023-05-31 09:57:47.017000', '0', null, '2023-05-31 09:57:47.017000', '46', '127.0.0.1', '本地测试', '查询单个数据字典的值', '{}', 'GET', '/zwz/dictData/getByType/sex', '13600000001', '2', 'DICT_DATA-01', 'PC端 | Chrome 113.0.0.0 | Windows Windows 10 or Windows Server 2016');
INSERT INTO `a_log` VALUES ('1663726433668829191', null, '2023-05-31 09:57:47.064000', '0', null, '2023-05-31 09:57:47.064000', '78', '127.0.0.1', '本地测试', '查询子部门', '{}', 'GET', '/zwz/department/getByParentId', '13600000001', '2', 'DEP-01', 'PC端 | Chrome 113.0.0.0 | Windows Windows 10 or Windows Server 2016');
INSERT INTO `a_log` VALUES ('1663726433668829200', null, '2023-05-31 09:57:47.064000', '0', null, '2023-05-31 09:57:47.064000', '93', '127.0.0.1', '本地测试', '查询用户', '{\"nickname\":\"\",\"departmentId\":\"\",\"pageNumber\":\"1\",\"pageSize\":\"20\",\"sort\":\"createTime\",\"order\":\"desc\"}', 'GET', '/zwz/user/getUserList', '13600000001', '2', 'USER-07', 'PC端 | Chrome 113.0.0.0 | Windows Windows 10 or Windows Server 2016');
INSERT INTO `a_log` VALUES ('1663726435241693189', null, '2023-05-31 09:57:47.408000', '0', null, '2023-05-31 09:57:47.408000', '47', '127.0.0.1', '本地测试', '查询子部门', '{}', 'GET', '/zwz/department/getByParentId', '13600000001', '2', 'DEP-01', 'PC端 | Chrome 113.0.0.0 | Windows Windows 10 or Windows Server 2016');
INSERT INTO `a_log` VALUES ('1663726439121424387', null, '2023-05-31 09:57:48.317000', '0', null, '2023-05-31 09:57:48.317000', '37', '127.0.0.1', '本地测试', '查询子部门', '{}', 'GET', '/zwz/department/getByParentId', '13600000001', '2', 'DEP-01', 'PC端 | Chrome 113.0.0.0 | Windows Windows 10 or Windows Server 2016');
INSERT INTO `a_log` VALUES ('1663726439830261765', null, '2023-05-31 09:57:48.498000', '0', null, '2023-05-31 09:57:48.498000', '39', '127.0.0.1', '本地测试', '查询用户', '{\"pageNumber\":\"1\",\"pageSize\":\"10\",\"sort\":\"createTime\",\"order\":\"desc\",\"departmentId\":\"\"}', 'GET', '/zwz/myUser/getByPage', '13600000001', '2', 'USER-01', 'PC端 | Chrome 113.0.0.0 | Windows Windows 10 or Windows Server 2016');
INSERT INTO `a_log` VALUES ('1663726440392298499', null, '2023-05-31 09:57:48.629000', '0', null, '2023-05-31 09:57:48.629000', '40', '127.0.0.1', '本地测试', '查询子部门', '{}', 'GET', '/zwz/department/getByParentId', '13600000001', '2', 'DEP-01', 'PC端 | Chrome 113.0.0.0 | Windows Windows 10 or Windows Server 2016');
INSERT INTO `a_log` VALUES ('1663726447891714048', null, '2023-05-31 09:57:50.414000', '0', null, '2023-05-31 09:57:50.414000', '49', '127.0.0.1', '本地测试', '查询角色', '{\"pageNumber\":\"1\",\"pageSize\":\"15\",\"sort\":\"createTime\",\"order\":\"desc\"}', 'GET', '/zwz/role/getAllByPage', '13600000001', '2', 'ROLE-02', 'PC端 | Chrome 113.0.0.0 | Windows Windows 10 or Windows Server 2016');
INSERT INTO `a_log` VALUES ('1663726453684047922', null, '2023-05-31 09:57:51.797000', '0', null, '2023-05-31 09:57:51.797000', '40', '127.0.0.1', '本地测试', '查询单个数据字典的值', '{}', 'GET', '/zwz/dictData/getByType/permission_type', '13600000001', '2', 'DICT_DATA-01', 'PC端 | Chrome 113.0.0.0 | Windows Windows 10 or Windows Server 2016');
INSERT INTO `a_log` VALUES ('1663726462156541957', null, '2023-05-31 09:57:53.815000', '0', null, '2023-05-31 09:57:53.815000', '38', '127.0.0.1', '本地测试', '查询菜单权限拥有者', '{\"permissionId\":\"1663724125664972800\"}', 'GET', '/zwz/permission/getUserByPermission', '13600000001', '2', 'PERMISSION-01', 'PC端 | Chrome 113.0.0.0 | Windows Windows 10 or Windows Server 2016');
INSERT INTO `a_log` VALUES ('1663726468418637825', null, '2023-05-31 09:57:55.295000', '0', null, '2023-05-31 09:57:55.295000', '32', '127.0.0.1', '本地测试', '查询系统文件', '{\"name\":\"\",\"fkey\":\"\",\"type\":\"\",\"pageNumber\":\"1\",\"pageSize\":\"15\",\"sort\":\"createTime\",\"order\":\"desc\",\"startDate\":\"\",\"endDate\":\"\"}', 'GET', '/zwz/file/getByCondition', '13600000001', '2', 'FILE-01', 'PC端 | Chrome 113.0.0.0 | Windows Windows 10 or Windows Server 2016');
INSERT INTO `a_log` VALUES ('1663726469140058112', null, '2023-05-31 09:57:55.481000', '0', null, '2023-05-31 09:57:55.481000', '38', '127.0.0.1', '本地测试', '查看单个配置', '{\"id\":\"FILE_PATH\"}', 'GET', '/zwz/setting/getOne', '13600000001', '2', 'SETTING-01', 'PC端 | Chrome 113.0.0.0 | Windows Windows 10 or Windows Server 2016');
INSERT INTO `a_log` VALUES ('1663726469664346112', null, '2023-05-31 09:57:55.608000', '0', null, '2023-05-31 09:57:55.608000', '40', '127.0.0.1', '本地测试', '查看单个配置', '{\"id\":\"FILE_HTTP\"}', 'GET', '/zwz/setting/getOne', '13600000001', '2', 'SETTING-01', 'PC端 | Chrome 113.0.0.0 | Windows Windows 10 or Windows Server 2016');
INSERT INTO `a_log` VALUES ('1663726469664346113', null, '2023-05-31 09:57:55.642000', '0', null, '2023-05-31 09:57:55.642000', '74', '127.0.0.1', '本地测试', '查看单个配置', '{\"id\":\"FILE_VIEW\"}', 'GET', '/zwz/setting/getOne', '13600000001', '2', 'SETTING-01', 'PC端 | Chrome 113.0.0.0 | Windows Windows 10 or Windows Server 2016');
INSERT INTO `a_log` VALUES ('1663726471304318976', null, '2023-05-31 09:57:55.991000', '0', null, '2023-05-31 09:57:55.991000', '46', '127.0.0.1', '本地测试', '查询日志', '{\"logType\":\"1\",\"pageNumber\":\"1\",\"pageSize\":\"15\",\"startDate\":\"\",\"endDate\":\"\",\"sort\":\"createTime\",\"order\":\"desc\",\"ipInfo\":\"\",\"key\":\"\"}', 'GET', '/zwz/log/getAllByPage', '13600000001', '2', 'LOG-01', 'PC端 | Chrome 113.0.0.0 | Windows Windows 10 or Windows Server 2016');
INSERT INTO `a_log` VALUES ('1663726477029543936', null, '2023-05-31 09:57:57.355000', '0', null, '2023-05-31 09:57:57.355000', '34', '127.0.0.1', '本地测试', '查询所有数据字典', '{}', 'GET', '/zwz/dict/getAll', '13600000001', '2', 'DICT-01', 'PC端 | Chrome 113.0.0.0 | Windows Windows 10 or Windows Server 2016');
INSERT INTO `a_log` VALUES ('1663726477750964239', null, '2023-05-31 09:57:57.539000', '0', null, '2023-05-31 09:57:57.539000', '42', '127.0.0.1', '本地测试', '查询数据字典值', '{\"name\":\"\",\"status\":\"\",\"pageNumber\":\"1\",\"pageSize\":\"10\",\"sort\":\"sortOrder\",\"order\":\"asc\"}', 'GET', '/zwz/dictData/getByCondition', '13600000001', '2', 'DICT_DATA-02', 'PC端 | Chrome 113.0.0.0 | Windows Windows 10 or Windows Server 2016');
INSERT INTO `a_log` VALUES ('1663726492544274432', null, '2023-05-31 09:58:01.055000', '0', null, '2023-05-31 09:58:01.055000', '41', '127.0.0.1', '本地测试', '查询个人门户菜单B', '{}', 'POST', '/zwz/myDoor/getMyDoorList6', '13600000001', '2', 'MY-DOOR-02', 'PC端 | Chrome 113.0.0.0 | Windows Windows 10 or Windows Server 2016');
INSERT INTO `a_log` VALUES ('1663726573871828992', null, '2023-05-31 09:58:20.497000', '0', null, '2023-05-31 09:58:20.497000', '83', '127.0.0.1', '本地测试', '查看单个配置', '{\"id\":\"FILE_PATH\"}', 'GET', '/zwz/setting/getOne', '13600000001', '2', 'SETTING-01', 'PC端 | Chrome 113.0.0.0 | Windows Windows 10 or Windows Server 2016');
INSERT INTO `a_log` VALUES ('1663726573871828993', null, '2023-05-31 09:58:20.498000', '0', null, '2023-05-31 09:58:20.498000', '85', '127.0.0.1', '本地测试', '查看单个配置', '{\"id\":\"FILE_VIEW\"}', 'GET', '/zwz/setting/getOne', '13600000001', '2', 'SETTING-01', 'PC端 | Chrome 113.0.0.0 | Windows Windows 10 or Windows Server 2016');
INSERT INTO `a_log` VALUES ('1663726573871828994', null, '2023-05-31 09:58:20.498000', '0', null, '2023-05-31 09:58:20.498000', '85', '127.0.0.1', '本地测试', '查看单个配置', '{\"id\":\"FILE_HTTP\"}', 'GET', '/zwz/setting/getOne', '13600000001', '2', 'SETTING-01', 'PC端 | Chrome 113.0.0.0 | Windows Windows 10 or Windows Server 2016');
INSERT INTO `a_log` VALUES ('1663726573905383424', null, '2023-05-31 09:58:20.507000', '0', null, '2023-05-31 09:58:20.507000', '94', '127.0.0.1', '本地测试', '查询系统文件', '{\"name\":\"\",\"fkey\":\"\",\"type\":\"\",\"pageNumber\":\"1\",\"pageSize\":\"15\",\"sort\":\"createTime\",\"order\":\"desc\",\"startDate\":\"\",\"endDate\":\"\"}', 'GET', '/zwz/file/getByCondition', '13600000001', '2', 'FILE-01', 'PC端 | Chrome 113.0.0.0 | Windows Windows 10 or Windows Server 2016');
INSERT INTO `a_log` VALUES ('1663726597770973184', null, '2023-05-31 09:58:26.177000', '0', null, '2023-05-31 09:58:26.177000', '82', '127.0.0.1', '本地测试', '登录系统', '{\"username\":\"admin\",\"password\":\"\",\"code\":\"3565\",\"captchaId\":\"b15f7c8b4f0f4b8487048d4e825750e6\",\"saveLogin\":\"true\"}', 'POST', '/zwz/login', 'admin', '1', '', 'PC端 | Chrome 113.0.0.0 | Windows Windows 10 or Windows Server 2016');
INSERT INTO `a_log` VALUES ('1663726599129927682', null, '2023-05-31 09:58:26.475000', '0', null, '2023-05-31 09:58:26.475000', '40', '127.0.0.1', '本地测试', '获取当前登录用户', '{}', 'GET', '/zwz/user/info', 'admin', '2', 'USER-02', 'PC端 | Chrome 113.0.0.0 | Windows Windows 10 or Windows Server 2016');
INSERT INTO `a_log` VALUES ('1663726600140754946', null, '2023-05-31 09:58:26.715000', '0', null, '2023-05-31 09:58:26.715000', '38', '127.0.0.1', '本地测试', '查询菜单', '{}', 'GET', '/zwz/permission/getMenuList', 'admin', '2', 'PERMISSION-02', 'PC端 | Chrome 113.0.0.0 | Windows Windows 10 or Windows Server 2016');
INSERT INTO `a_log` VALUES ('1663726603890462720', null, '2023-05-31 09:58:27.608000', '0', null, '2023-05-31 09:58:27.608000', '41', '127.0.0.1', '本地测试', '查询菜单', '{}', 'GET', '/zwz/permission/getMenuList', 'admin', '2', 'PERMISSION-02', 'PC端 | Chrome 113.0.0.0 | Windows Windows 10 or Windows Server 2016');
INSERT INTO `a_log` VALUES ('1663726604855152640', null, '2023-05-31 09:58:27.839000', '0', null, '2023-05-31 09:58:27.839000', '54', '127.0.0.1', '本地测试', '查询个人门户菜单B', '{}', 'POST', '/zwz/myDoor/getMyDoorList6', 'admin', '2', 'MY-DOOR-02', 'PC端 | Chrome 113.0.0.0 | Windows Windows 10 or Windows Server 2016');
INSERT INTO `a_log` VALUES ('1663726615156363314', null, '2023-05-31 09:58:30.301000', '0', null, '2023-05-31 09:58:30.301000', '43', '127.0.0.1', '本地测试', '查询单个数据字典的值', '{}', 'GET', '/zwz/dictData/getByType/permission_type', 'admin', '2', 'DICT_DATA-01', 'PC端 | Chrome 113.0.0.0 | Windows Windows 10 or Windows Server 2016');
INSERT INTO `a_log` VALUES ('1663726619233226752', null, '2023-05-31 09:58:32.277000', '0', null, '2023-05-31 09:58:32.277000', '1034', '127.0.0.1', '本地测试', '查看单个配置', '{\"id\":\"FILE_PATH\"}', 'GET', '/zwz/setting/getOne', 'admin', '2', 'SETTING-01', 'PC端 | Chrome 113.0.0.0 | Windows Windows 10 or Windows Server 2016');
INSERT INTO `a_log` VALUES ('1663726619266781185', null, '2023-05-31 09:58:31.296000', '0', null, '2023-05-31 09:58:31.296000', '70', '127.0.0.1', '本地测试', '查询系统文件', '{\"name\":\"\",\"fkey\":\"\",\"type\":\"\",\"pageNumber\":\"1\",\"pageSize\":\"15\",\"sort\":\"createTime\",\"order\":\"desc\",\"startDate\":\"\",\"endDate\":\"\"}', 'GET', '/zwz/file/getByCondition', 'admin', '2', 'FILE-01', 'PC端 | Chrome 113.0.0.0 | Windows Windows 10 or Windows Server 2016');
INSERT INTO `a_log` VALUES ('1663726619711377409', null, '2023-05-31 09:58:31.384000', '0', null, '2023-05-31 09:58:31.384000', '39', '127.0.0.1', '本地测试', '查看单个配置', '{\"id\":\"FILE_HTTP\"}', 'GET', '/zwz/setting/getOne', 'admin', '2', 'SETTING-01', 'PC端 | Chrome 113.0.0.0 | Windows Windows 10 or Windows Server 2016');
INSERT INTO `a_log` VALUES ('1663726620529266688', null, '2023-05-31 09:58:31.568000', '0', null, '2023-05-31 09:58:31.568000', '33', '127.0.0.1', '本地测试', '查看单个配置', '{\"id\":\"FILE_VIEW\"}', 'GET', '/zwz/setting/getOne', 'admin', '2', 'SETTING-01', 'PC端 | Chrome 113.0.0.0 | Windows Windows 10 or Windows Server 2016');
INSERT INTO `a_log` VALUES ('1663726644440993795', null, '2023-05-31 09:58:37.277000', '0', null, '2023-05-31 09:58:37.277000', '49', '127.0.0.1', '本地测试', '文件上传', '{}', 'POST', '/zwz/upload/file', 'admin', '2', 'FILE-06', 'PC端 | Chrome 113.0.0.0 | Windows Windows 10 or Windows Server 2016');
INSERT INTO `a_log` VALUES ('1663726646047412227', null, '2023-05-31 09:58:37.656000', '0', null, '2023-05-31 09:58:37.656000', '39', '127.0.0.1', '本地测试', '查询系统文件', '{\"name\":\"\",\"fkey\":\"\",\"type\":\"\",\"pageNumber\":\"1\",\"pageSize\":\"15\",\"sort\":\"createTime\",\"order\":\"desc\",\"startDate\":\"\",\"endDate\":\"\"}', 'GET', '/zwz/file/getByCondition', 'admin', '2', 'FILE-01', 'PC端 | Chrome 113.0.0.0 | Windows Windows 10 or Windows Server 2016');
INSERT INTO `a_log` VALUES ('1663726667237036035', null, '2023-05-31 09:58:42.756000', '0', null, '2023-05-31 09:58:42.756000', '90', '127.0.0.1', '本地测试', '文件上传', '{}', 'POST', '/zwz/upload/file', 'admin', '2', 'FILE-06', 'PC端 | Chrome 113.0.0.0 | Windows Windows 10 or Windows Server 2016');
INSERT INTO `a_log` VALUES ('1663726669019615239', null, '2023-05-31 09:58:43.137000', '0', null, '2023-05-31 09:58:43.137000', '40', '127.0.0.1', '本地测试', '查询系统文件', '{\"name\":\"\",\"fkey\":\"\",\"type\":\"\",\"pageNumber\":\"1\",\"pageSize\":\"15\",\"sort\":\"createTime\",\"order\":\"desc\",\"startDate\":\"\",\"endDate\":\"\"}', 'GET', '/zwz/file/getByCondition', 'admin', '2', 'FILE-01', 'PC端 | Chrome 113.0.0.0 | Windows Windows 10 or Windows Server 2016');
INSERT INTO `a_log` VALUES ('1663726703417102336', null, '2023-05-31 09:58:51.380000', '0', null, '2023-05-31 09:58:51.380000', '89', '127.0.0.1', '本地测试', '文件上传', '{}', 'POST', '/zwz/upload/file', 'admin', '2', 'FILE-06', 'PC端 | Chrome 113.0.0.0 | Windows Windows 10 or Windows Server 2016');
INSERT INTO `a_log` VALUES ('1663726705170321417', null, '2023-05-31 09:58:51.757000', '0', null, '2023-05-31 09:58:51.757000', '40', '127.0.0.1', '本地测试', '查询系统文件', '{\"name\":\"\",\"fkey\":\"\",\"type\":\"\",\"pageNumber\":\"1\",\"pageSize\":\"15\",\"sort\":\"createTime\",\"order\":\"desc\",\"startDate\":\"\",\"endDate\":\"\"}', 'GET', '/zwz/file/getByCondition', 'admin', '2', 'FILE-01', 'PC端 | Chrome 113.0.0.0 | Windows Windows 10 or Windows Server 2016');
INSERT INTO `a_log` VALUES ('1663727083915972615', null, '2023-05-31 10:00:22.106000', '0', null, '2023-05-31 10:00:22.106000', '87', '127.0.0.1', '本地测试', '文件上传', '{}', 'POST', '/zwz/upload/file', 'admin', '2', 'FILE-06', 'PC端 | Chrome 113.0.0.0 | Windows Windows 10 or Windows Server 2016');
INSERT INTO `a_log` VALUES ('1663727084918411274', null, '2023-05-31 10:00:22.296000', '0', null, '2023-05-31 10:00:22.296000', '40', '127.0.0.1', '本地测试', '查询系统文件', '{\"name\":\"\",\"fkey\":\"\",\"type\":\"\",\"pageNumber\":\"1\",\"pageSize\":\"15\",\"sort\":\"createTime\",\"order\":\"desc\",\"startDate\":\"\",\"endDate\":\"\"}', 'GET', '/zwz/file/getByCondition', 'admin', '2', 'FILE-01', 'PC端 | Chrome 113.0.0.0 | Windows Windows 10 or Windows Server 2016');
INSERT INTO `a_log` VALUES ('1663727107987083323', null, '2023-05-31 10:00:27.837000', '0', null, '2023-05-31 10:00:27.837000', '87', '127.0.0.1', '本地测试', '查询角色', '{\"pageNumber\":\"1\",\"pageSize\":\"15\",\"sort\":\"createTime\",\"order\":\"desc\"}', 'GET', '/zwz/role/getAllByPage', 'admin', '2', 'ROLE-02', 'PC端 | Chrome 113.0.0.0 | Windows Windows 10 or Windows Server 2016');
INSERT INTO `a_log` VALUES ('1663727119143931904', null, '2023-05-31 10:00:30.452000', '0', null, '2023-05-31 10:00:30.452000', '41', '127.0.0.1', '本地测试', '查询子部门', '{}', 'GET', '/zwz/department/getByParentId', 'admin', '2', 'DEP-01', 'PC端 | Chrome 113.0.0.0 | Windows Windows 10 or Windows Server 2016');
INSERT INTO `a_log` VALUES ('1663727119865352197', null, '2023-05-31 10:00:30.634000', '0', null, '2023-05-31 10:00:30.634000', '44', '127.0.0.1', '本地测试', '查询用户', '{\"pageNumber\":\"1\",\"pageSize\":\"10\",\"sort\":\"createTime\",\"order\":\"desc\",\"departmentId\":\"\"}', 'GET', '/zwz/myUser/getByPage', 'admin', '2', 'USER-01', 'PC端 | Chrome 113.0.0.0 | Windows Windows 10 or Windows Server 2016');
INSERT INTO `a_log` VALUES ('1663727120423194624', null, '2023-05-31 10:00:30.758000', '0', null, '2023-05-31 10:00:30.758000', '40', '127.0.0.1', '本地测试', '查询子部门', '{}', 'GET', '/zwz/department/getByParentId', 'admin', '2', 'DEP-01', 'PC端 | Chrome 113.0.0.0 | Windows Windows 10 or Windows Server 2016');
INSERT INTO `a_log` VALUES ('1663727120628715521', null, '2023-05-31 10:00:30.808000', '0', null, '2023-05-31 10:00:30.808000', '41', '127.0.0.1', '本地测试', '查询系统文件', '{\"name\":\"\",\"fkey\":\"\",\"type\":\"\",\"pageNumber\":\"1\",\"pageSize\":\"15\",\"sort\":\"createTime\",\"order\":\"desc\",\"startDate\":\"\",\"endDate\":\"\"}', 'GET', '/zwz/file/getByCondition', 'admin', '2', 'FILE-01', 'PC端 | Chrome 113.0.0.0 | Windows Windows 10 or Windows Server 2016');
INSERT INTO `a_log` VALUES ('1663727120825847808', null, '2023-05-31 10:00:30.882000', '0', null, '2023-05-31 10:00:30.882000', '64', '127.0.0.1', '本地测试', '查看单个配置', '{\"id\":\"FILE_PATH\"}', 'GET', '/zwz/setting/getOne', 'admin', '2', 'SETTING-01', 'PC端 | Chrome 113.0.0.0 | Windows Windows 10 or Windows Server 2016');
INSERT INTO `a_log` VALUES ('1663727120825847809', null, '2023-05-31 10:00:30.900000', '0', null, '2023-05-31 10:00:30.900000', '81', '127.0.0.1', '本地测试', '查看单个配置', '{\"id\":\"FILE_VIEW\"}', 'GET', '/zwz/setting/getOne', 'admin', '2', 'SETTING-01', 'PC端 | Chrome 113.0.0.0 | Windows Windows 10 or Windows Server 2016');
INSERT INTO `a_log` VALUES ('1663727120825847810', null, '2023-05-31 10:00:30.854000', '0', null, '2023-05-31 10:00:30.854000', '37', '127.0.0.1', '本地测试', '查看单个配置', '{\"id\":\"FILE_HTTP\"}', 'GET', '/zwz/setting/getOne', 'admin', '2', 'SETTING-01', 'PC端 | Chrome 113.0.0.0 | Windows Windows 10 or Windows Server 2016');
INSERT INTO `a_log` VALUES ('1663727125590577152', null, '2023-05-31 10:00:31.991000', '0', null, '2023-05-31 10:00:31.991000', '38', '127.0.0.1', '本地测试', '查询全部角色', '{}', 'GET', '/zwz/role/getAllList', 'admin', '2', 'ROLE-01', 'PC端 | Chrome 113.0.0.0 | Windows Windows 10 or Windows Server 2016');
INSERT INTO `a_log` VALUES ('1663727125590577156', null, '2023-05-31 10:00:31.986000', '0', null, '2023-05-31 10:00:31.986000', '38', '127.0.0.1', '本地测试', '查询子部门', '{}', 'GET', '/zwz/department/getByParentId', 'admin', '2', 'DEP-01', 'PC端 | Chrome 113.0.0.0 | Windows Windows 10 or Windows Server 2016');
INSERT INTO `a_log` VALUES ('1663727125603160064', null, '2023-05-31 10:00:32.304000', '0', null, '2023-05-31 10:00:32.304000', '351', '127.0.0.1', '本地测试', '查询单个数据字典的值', '{}', 'GET', '/zwz/dictData/getByType/sex', 'admin', '2', 'DICT_DATA-01', 'PC端 | Chrome 113.0.0.0 | Windows Windows 10 or Windows Server 2016');
INSERT INTO `a_log` VALUES ('1663727125653491712', null, '2023-05-31 10:00:32.036000', '0', null, '2023-05-31 10:00:32.036000', '80', '127.0.0.1', '本地测试', '查询用户', '{\"nickname\":\"\",\"departmentId\":\"\",\"pageNumber\":\"1\",\"pageSize\":\"20\",\"sort\":\"createTime\",\"order\":\"desc\"}', 'GET', '/zwz/user/getUserList', 'admin', '2', 'USER-07', 'PC端 | Chrome 113.0.0.0 | Windows Windows 10 or Windows Server 2016');
INSERT INTO `a_log` VALUES ('1663727127058583552', null, '2023-05-31 10:00:32.340000', '0', null, '2023-05-31 10:00:32.340000', '43', '127.0.0.1', '本地测试', '查询子部门', '{}', 'GET', '/zwz/department/getByParentId', 'admin', '2', 'DEP-01', 'PC端 | Chrome 113.0.0.0 | Windows Windows 10 or Windows Server 2016');
INSERT INTO `a_log` VALUES ('1663727136550293504', null, '2023-05-31 10:00:34.599000', '0', null, '2023-05-31 10:00:34.599000', '41', '127.0.0.1', '本地测试', '查询个人门户菜单B', '{}', 'POST', '/zwz/myDoor/getMyDoorList6', 'admin', '2', 'MY-DOOR-02', 'PC端 | Chrome 113.0.0.0 | Windows Windows 10 or Windows Server 2016');
INSERT INTO `a_log` VALUES ('1663727145916174339', null, '2023-05-31 10:00:36.833000', '0', null, '2023-05-31 10:00:36.833000', '35', '127.0.0.1', '本地测试', '查询单个数据字典的值', '{}', 'GET', '/zwz/dictData/getByType/sex', 'admin', '2', 'DICT_DATA-01', 'PC端 | Chrome 113.0.0.0 | Windows Windows 10 or Windows Server 2016');
INSERT INTO `a_log` VALUES ('1663727146838921216', null, '2023-05-31 10:00:37.058000', '0', null, '2023-05-31 10:00:37.058000', '43', '127.0.0.1', '本地测试', '查询学生', '{\"pageNumber\":\"1\",\"pageSize\":\"15\",\"sort\":\"createTime\",\"order\":\"desc\"}', 'GET', '/zwz/student/getByPage', 'admin', '3', 'STUDENT-04', 'PC端 | Chrome 113.0.0.0 | Windows Windows 10 or Windows Server 2016');
INSERT INTO `a_log` VALUES ('1663727148168515584', null, '2023-05-31 10:00:37.371000', '0', null, '2023-05-31 10:00:37.371000', '38', '127.0.0.1', '本地测试', '查询单个数据字典的值', '{}', 'GET', '/zwz/dictData/getByType/education', 'admin', '2', 'DICT_DATA-01', 'PC端 | Chrome 113.0.0.0 | Windows Windows 10 or Windows Server 2016');
INSERT INTO `a_log` VALUES ('1663727148185292800', null, '2023-05-31 10:00:37.377000', '0', null, '2023-05-31 10:00:37.377000', '43', '127.0.0.1', '本地测试', '查询教师', '{\"pageNumber\":\"1\",\"pageSize\":\"15\",\"sort\":\"createTime\",\"order\":\"desc\"}', 'GET', '/zwz/teacher/getByPage', 'admin', '3', 'TEACHER-04', 'PC端 | Chrome 113.0.0.0 | Windows Windows 10 or Windows Server 2016');
INSERT INTO `a_log` VALUES ('1663727154430611456', null, '2023-05-31 10:00:38.857000', '0', null, '2023-05-31 10:00:38.857000', '35', '127.0.0.1', '本地测试', '查询个人门户菜单B', '{}', 'POST', '/zwz/myDoor/getMyDoorList6', 'admin', '2', 'MY-DOOR-02', 'PC端 | Chrome 113.0.0.0 | Windows Windows 10 or Windows Server 2016');
INSERT INTO `a_log` VALUES ('1663727315357667328', null, '2023-05-31 10:01:17.257000', '0', null, '2023-05-31 10:01:17.257000', '60', '127.0.0.1', '本地测试', '登录系统', '{\"username\":\"admin\",\"password\":\"\",\"code\":\"0285\",\"captchaId\":\"730a4ea79b3844d0adc1d059bfac80ba\",\"saveLogin\":\"true\"}', 'POST', '/zwz/login', 'admin', '1', '', 'PC端 | Chrome 113.0.0.0 | Windows Windows 10 or Windows Server 2016');
INSERT INTO `a_log` VALUES ('1663727316108447746', null, '2023-05-31 10:01:17.412000', '0', null, '2023-05-31 10:01:17.412000', '36', '127.0.0.1', '本地测试', '获取当前登录用户', '{}', 'GET', '/zwz/user/info', 'admin', '2', 'USER-02', 'PC端 | Chrome 113.0.0.0 | Windows Windows 10 or Windows Server 2016');
INSERT INTO `a_log` VALUES ('1663727316699844610', null, '2023-05-31 10:01:17.536000', '0', null, '2023-05-31 10:01:17.536000', '24', '127.0.0.1', '本地测试', '查询菜单', '{}', 'GET', '/zwz/permission/getMenuList', 'admin', '2', 'PERMISSION-02', 'PC端 | Chrome 113.0.0.0 | Windows Windows 10 or Windows Server 2016');
INSERT INTO `a_log` VALUES ('1663727321011589120', null, '2023-05-31 10:01:18.567000', '0', null, '2023-05-31 10:01:18.567000', '24', '127.0.0.1', '本地测试', '查询菜单', '{}', 'GET', '/zwz/permission/getMenuList', 'admin', '2', 'PERMISSION-02', 'PC端 | Chrome 113.0.0.0 | Windows Windows 10 or Windows Server 2016');
INSERT INTO `a_log` VALUES ('1663727321938530304', null, '2023-05-31 10:01:18.789000', '0', null, '2023-05-31 10:01:18.789000', '33', '127.0.0.1', '本地测试', '查询个人门户菜单B', '{}', 'POST', '/zwz/myDoor/getMyDoorList6', 'admin', '2', 'MY-DOOR-02', 'PC端 | Chrome 113.0.0.0 | Windows Windows 10 or Windows Server 2016');
INSERT INTO `a_log` VALUES ('1663727386740527104', null, '2023-05-31 10:01:34.279000', '0', null, '2023-05-31 10:01:34.279000', '65', '127.0.0.1', '本地测试', '查询单个数据字典的值', '{}', 'GET', '/zwz/dictData/getByType/sex', 'admin', '2', 'DICT_DATA-01', 'PC端 | Chrome 113.0.0.0 | Windows Windows 10 or Windows Server 2016');
INSERT INTO `a_log` VALUES ('1663727425667862528', null, '2023-05-31 10:01:43.547000', '0', null, '2023-05-31 10:01:43.547000', '60', '127.0.0.1', '本地测试', '修改个人门户菜单', '{\"str\":\"user-adminZWZ666department-adminZWZ666file-adminZWZ666role-manageZWZ666menu-manageZWZ666log-manage\"}', 'POST', '/zwz/myDoor/setMyDoorList', 'admin', '2', 'MY-DOOR-03', 'PC端 | Chrome 113.0.0.0 | Windows Windows 10 or Windows Server 2016');
INSERT INTO `a_log` VALUES ('1663727429497262081', null, '2023-05-31 10:01:44.457000', '0', null, '2023-05-31 10:01:44.457000', '53', '127.0.0.1', '本地测试', '查询个人门户菜单B', '{}', 'POST', '/zwz/myDoor/getMyDoorList6', 'admin', '2', 'MY-DOOR-02', 'PC端 | Chrome 113.0.0.0 | Windows Windows 10 or Windows Server 2016');
INSERT INTO `a_log` VALUES ('1663727475873681408', null, '2023-05-31 10:01:55.553000', '0', null, '2023-05-31 10:01:55.553000', '71', '127.0.0.1', '本地测试', '查询全部角色', '{}', 'GET', '/zwz/role/getAllList', 'admin', '2', 'ROLE-01', 'PC端 | Chrome 113.0.0.0 | Windows Windows 10 or Windows Server 2016');
INSERT INTO `a_log` VALUES ('1663727475877875714', null, '2023-05-31 10:01:55.537000', '0', null, '2023-05-31 10:01:55.537000', '72', '127.0.0.1', '本地测试', '查询单个数据字典的值', '{}', 'GET', '/zwz/dictData/getByType/sex', 'admin', '2', 'DICT_DATA-01', 'PC端 | Chrome 113.0.0.0 | Windows Windows 10 or Windows Server 2016');
INSERT INTO `a_log` VALUES ('1663727475886264320', null, '2023-05-31 10:01:55.537000', '0', null, '2023-05-31 10:01:55.537000', '73', '127.0.0.1', '本地测试', '查询子部门', '{}', 'GET', '/zwz/department/getByParentId', 'admin', '2', 'DEP-01', 'PC端 | Chrome 113.0.0.0 | Windows Windows 10 or Windows Server 2016');
INSERT INTO `a_log` VALUES ('1663727475924013056', null, '2023-05-31 10:01:55.557000', '0', null, '2023-05-31 10:01:55.557000', '87', '127.0.0.1', '本地测试', '查询用户', '{\"nickname\":\"\",\"departmentId\":\"\",\"pageNumber\":\"1\",\"pageSize\":\"20\",\"sort\":\"createTime\",\"order\":\"desc\"}', 'GET', '/zwz/user/getUserList', 'admin', '2', 'USER-07', 'PC端 | Chrome 113.0.0.0 | Windows Windows 10 or Windows Server 2016');
INSERT INTO `a_log` VALUES ('1663727477576568832', null, '2023-05-31 10:01:55.896000', '0', null, '2023-05-31 10:01:55.896000', '32', '127.0.0.1', '本地测试', '查询子部门', '{}', 'GET', '/zwz/department/getByParentId', 'admin', '2', 'DEP-01', 'PC端 | Chrome 113.0.0.0 | Windows Windows 10 or Windows Server 2016');
INSERT INTO `a_log` VALUES ('1663727607927148544', null, '2023-05-31 10:02:27.054000', '0', null, '2023-05-31 10:02:27.054000', '91', '127.0.0.1', '本地测试', '查询单个数据字典的值', '{}', 'GET', '/zwz/dictData/getByType/sex', 'admin', '2', 'DICT_DATA-01', 'PC端 | Chrome 113.0.0.0 | Windows Windows 10 or Windows Server 2016');
INSERT INTO `a_log` VALUES ('1663727608640180229', null, '2023-05-31 10:02:27.167000', '0', null, '2023-05-31 10:02:27.167000', '43', '127.0.0.1', '本地测试', '查询子部门', '{}', 'GET', '/zwz/department/getByParentId', 'admin', '2', 'DEP-01', 'PC端 | Chrome 113.0.0.0 | Windows Windows 10 or Windows Server 2016');
INSERT INTO `a_log` VALUES ('1663727608975724546', null, '2023-05-31 10:02:27.243000', '0', null, '2023-05-31 10:02:27.243000', '41', '127.0.0.1', '本地测试', '查询全部角色', '{}', 'GET', '/zwz/role/getAllList', 'admin', '2', 'ROLE-01', 'PC端 | Chrome 113.0.0.0 | Windows Windows 10 or Windows Server 2016');
INSERT INTO `a_log` VALUES ('1663727668492898307', null, '2023-05-31 10:02:41.457000', '0', null, '2023-05-31 10:02:41.457000', '70', '127.0.0.1', '本地测试', '查询子部门', '{}', 'GET', '/zwz/department/getByParentId', 'admin', '2', 'DEP-01', 'PC端 | Chrome 113.0.0.0 | Windows Windows 10 or Windows Server 2016');
INSERT INTO `a_log` VALUES ('1663727668518064132', null, '2023-05-31 10:02:41.457000', '0', null, '2023-05-31 10:02:41.457000', '69', '127.0.0.1', '本地测试', '查询用户', '{\"pageNumber\":\"1\",\"pageSize\":\"10\",\"sort\":\"createTime\",\"order\":\"desc\",\"departmentId\":\"\"}', 'GET', '/zwz/myUser/getByPage', 'admin', '2', 'USER-01', 'PC端 | Chrome 113.0.0.0 | Windows Windows 10 or Windows Server 2016');
INSERT INTO `a_log` VALUES ('1663727670137065475', null, '2023-05-31 10:02:41.817000', '0', null, '2023-05-31 10:02:41.817000', '37', '127.0.0.1', '本地测试', '查询子部门', '{}', 'GET', '/zwz/department/getByParentId', 'admin', '2', 'DEP-01', 'PC端 | Chrome 113.0.0.0 | Windows Windows 10 or Windows Server 2016');
INSERT INTO `a_log` VALUES ('1663727719944425472', null, '2023-05-31 10:02:53.898000', '0', null, '2023-05-31 10:02:53.898000', '245', '127.0.0.1', '本地测试', '查询系统文件', '{\"name\":\"\",\"fkey\":\"\",\"type\":\"\",\"pageNumber\":\"1\",\"pageSize\":\"15\",\"sort\":\"createTime\",\"order\":\"desc\",\"startDate\":\"\",\"endDate\":\"\"}', 'GET', '/zwz/file/getByCondition', 'admin', '2', 'FILE-01', 'PC端 | Chrome 113.0.0.0 | Windows Windows 10 or Windows Server 2016');
INSERT INTO `a_log` VALUES ('1663727721177550851', null, '2023-05-31 10:02:54.356000', '0', null, '2023-05-31 10:02:54.356000', '405', '127.0.0.1', '本地测试', '查看单个配置', '{\"id\":\"FILE_HTTP\"}', 'GET', '/zwz/setting/getOne', 'admin', '2', 'SETTING-01', 'PC端 | Chrome 113.0.0.0 | Windows Windows 10 or Windows Server 2016');
INSERT INTO `a_log` VALUES ('1663727721177550852', null, '2023-05-31 10:02:54.005000', '0', null, '2023-05-31 10:02:54.005000', '52', '127.0.0.1', '本地测试', '查看单个配置', '{\"id\":\"FILE_VIEW\"}', 'GET', '/zwz/setting/getOne', 'admin', '2', 'SETTING-01', 'PC端 | Chrome 113.0.0.0 | Windows Windows 10 or Windows Server 2016');
INSERT INTO `a_log` VALUES ('1663727721177550853', null, '2023-05-31 10:02:54.130000', '0', null, '2023-05-31 10:02:54.130000', '176', '127.0.0.1', '本地测试', '查看单个配置', '{\"id\":\"FILE_PATH\"}', 'GET', '/zwz/setting/getOne', 'admin', '2', 'SETTING-01', 'PC端 | Chrome 113.0.0.0 | Windows Windows 10 or Windows Server 2016');
INSERT INTO `a_log` VALUES ('1663727755604398080', null, '2023-05-31 10:03:02.233000', '0', null, '2023-05-31 10:03:02.233000', '85', '127.0.0.1', '本地测试', '查询角色', '{\"pageNumber\":\"1\",\"pageSize\":\"15\",\"sort\":\"createTime\",\"order\":\"desc\"}', 'GET', '/zwz/role/getAllByPage', 'admin', '2', 'ROLE-02', 'PC端 | Chrome 113.0.0.0 | Windows Windows 10 or Windows Server 2016');
INSERT INTO `a_log` VALUES ('1663727814467260417', null, '2023-05-31 10:03:16.274000', '0', null, '2023-05-31 10:03:16.274000', '82', '127.0.0.1', '本地测试', '查询单个数据字典的值', '{}', 'GET', '/zwz/dictData/getByType/permission_type', 'admin', '2', 'DICT_DATA-01', 'PC端 | Chrome 113.0.0.0 | Windows Windows 10 or Windows Server 2016');
INSERT INTO `a_log` VALUES ('1663727821895372814', null, '2023-05-31 10:03:18.013000', '0', null, '2023-05-31 10:03:18.013000', '50', '127.0.0.1', '本地测试', '查询菜单权限拥有者', '{\"permissionId\":\"40238597734928384\"}', 'GET', '/zwz/permission/getUserByPermission', 'admin', '2', 'PERMISSION-01', 'PC端 | Chrome 113.0.0.0 | Windows Windows 10 or Windows Server 2016');
INSERT INTO `a_log` VALUES ('1663727841495355400', null, '2023-05-31 10:03:22.698000', '0', null, '2023-05-31 10:03:22.698000', '75', '127.0.0.1', '本地测试', '查询菜单权限拥有者', '{\"permissionId\":\"56309618086776832\"}', 'GET', '/zwz/permission/getUserByPermission', 'admin', '2', 'PERMISSION-01', 'PC端 | Chrome 113.0.0.0 | Windows Windows 10 or Windows Server 2016');
INSERT INTO `a_log` VALUES ('1663727889293643779', null, '2023-05-31 10:03:34.098000', '0', null, '2023-05-31 10:03:34.098000', '74', '127.0.0.1', '本地测试', '查询日志', '{\"logType\":\"1\",\"pageNumber\":\"1\",\"pageSize\":\"15\",\"startDate\":\"\",\"endDate\":\"\",\"sort\":\"createTime\",\"order\":\"desc\",\"ipInfo\":\"\",\"key\":\"\"}', 'GET', '/zwz/log/getAllByPage', 'admin', '2', 'LOG-01', 'PC端 | Chrome 113.0.0.0 | Windows Windows 10 or Windows Server 2016');
INSERT INTO `a_log` VALUES ('1663727926211907587', null, '2023-05-31 10:03:42.878000', '0', null, '2023-05-31 10:03:42.878000', '43', '127.0.0.1', '本地测试', '查询所有数据字典', '{}', 'GET', '/zwz/dict/getAll', 'admin', '2', 'DICT-01', 'PC端 | Chrome 113.0.0.0 | Windows Windows 10 or Windows Server 2016');
INSERT INTO `a_log` VALUES ('1663727926891384847', null, '2023-05-31 10:03:43.027000', '0', null, '2023-05-31 10:03:43.027000', '28', '127.0.0.1', '本地测试', '查询数据字典值', '{\"name\":\"\",\"status\":\"\",\"pageNumber\":\"1\",\"pageSize\":\"10\",\"sort\":\"sortOrder\",\"order\":\"asc\"}', 'GET', '/zwz/dictData/getByCondition', 'admin', '2', 'DICT_DATA-02', 'PC端 | Chrome 113.0.0.0 | Windows Windows 10 or Windows Server 2016');
INSERT INTO `a_log` VALUES ('1663727998651731968', null, '2023-05-31 10:04:00.170000', '0', null, '2023-05-31 10:04:00.170000', '64', '127.0.0.1', '本地测试', '查询所有数据字典', '{}', 'GET', '/zwz/dict/getAll', 'admin', '2', 'DICT-01', 'PC端 | Chrome 113.0.0.0 | Windows Windows 10 or Windows Server 2016');
INSERT INTO `a_log` VALUES ('1663727999771611136', null, '2023-05-31 10:04:00.398000', '0', null, '2023-05-31 10:04:00.398000', '42', '127.0.0.1', '本地测试', '查询数据字典值', '{\"name\":\"\",\"status\":\"\",\"pageNumber\":\"1\",\"pageSize\":\"10\",\"sort\":\"sortOrder\",\"order\":\"asc\"}', 'GET', '/zwz/dictData/getByCondition', 'admin', '2', 'DICT_DATA-02', 'PC端 | Chrome 113.0.0.0 | Windows Windows 10 or Windows Server 2016');
INSERT INTO `a_log` VALUES ('1663728074610577408', null, '2023-05-31 10:04:18.258000', '0', null, '2023-05-31 10:04:18.258000', '48', '127.0.0.1', '本地测试', '查询个人门户菜单B', '{}', 'POST', '/zwz/myDoor/getMyDoorList6', 'admin', '2', 'MY-DOOR-02', 'PC端 | Chrome 113.0.0.0 | Windows Windows 10 or Windows Server 2016');
INSERT INTO `a_log` VALUES ('1663728085327024135', null, '2023-05-31 10:04:20.798000', '0', null, '2023-05-31 10:04:20.798000', '29', '127.0.0.1', '本地测试', '查询学生', '{\"pageNumber\":\"1\",\"pageSize\":\"15\",\"sort\":\"createTime\",\"order\":\"desc\"}', 'GET', '/zwz/student/getByPage', 'admin', '3', 'STUDENT-04', 'PC端 | Chrome 113.0.0.0 | Windows Windows 10 or Windows Server 2016');
INSERT INTO `a_log` VALUES ('1663728085327024136', null, '2023-05-31 10:04:20.820000', '0', null, '2023-05-31 10:04:20.820000', '53', '127.0.0.1', '本地测试', '查询单个数据字典的值', '{}', 'GET', '/zwz/dictData/getByType/sex', 'admin', '2', 'DICT_DATA-01', 'PC端 | Chrome 113.0.0.0 | Windows Windows 10 or Windows Server 2016');
INSERT INTO `a_log` VALUES ('1663728097435979776', null, '2023-05-31 10:04:23.682000', '0', null, '2023-05-31 10:04:23.682000', '26', '127.0.0.1', '本地测试', '查询菜单', '{}', 'GET', '/zwz/permission/getMenuList', 'admin', '2', 'PERMISSION-02', 'PC端 | Chrome 113.0.0.0 | Windows Windows 10 or Windows Server 2016');
INSERT INTO `a_log` VALUES ('1663728098266451968', null, '2023-05-31 10:04:23.884000', '0', null, '2023-05-31 10:04:23.884000', '31', '127.0.0.1', '本地测试', '查询单个数据字典的值', '{}', 'GET', '/zwz/dictData/getByType/sex', 'admin', '2', 'DICT_DATA-01', 'PC端 | Chrome 113.0.0.0 | Windows Windows 10 or Windows Server 2016');
INSERT INTO `a_log` VALUES ('1663728098878820352', null, '2023-05-31 10:04:24.028000', '0', null, '2023-05-31 10:04:24.028000', '27', '127.0.0.1', '本地测试', '查询学生', '{\"pageNumber\":\"1\",\"pageSize\":\"15\",\"sort\":\"createTime\",\"order\":\"desc\"}', 'GET', '/zwz/student/getByPage', 'admin', '3', 'STUDENT-04', 'PC端 | Chrome 113.0.0.0 | Windows Windows 10 or Windows Server 2016');
INSERT INTO `a_log` VALUES ('1663728123558105088', null, '2023-05-31 10:04:29.940000', '0', null, '2023-05-31 10:04:29.940000', '58', '127.0.0.1', '本地测试', '查询菜单', '{}', 'GET', '/zwz/permission/getMenuList', 'admin', '2', 'PERMISSION-02', 'PC端 | Chrome 113.0.0.0 | Windows Windows 10 or Windows Server 2016');
INSERT INTO `a_log` VALUES ('1663728124627652608', null, '2023-05-31 10:04:30.166000', '0', null, '2023-05-31 10:04:30.166000', '27', '127.0.0.1', '本地测试', '查询单个数据字典的值', '{}', 'GET', '/zwz/dictData/getByType/sex', 'admin', '2', 'DICT_DATA-01', 'PC端 | Chrome 113.0.0.0 | Windows Windows 10 or Windows Server 2016');
INSERT INTO `a_log` VALUES ('1663728124631846916', null, '2023-05-31 10:04:30.205000', '0', null, '2023-05-31 10:04:30.205000', '65', '127.0.0.1', '本地测试', '查询学生', '{\"pageNumber\":\"1\",\"pageSize\":\"15\",\"sort\":\"createTime\",\"order\":\"desc\"}', 'GET', '/zwz/student/getByPage', 'admin', '3', 'STUDENT-04', 'PC端 | Chrome 113.0.0.0 | Windows Windows 10 or Windows Server 2016');
INSERT INTO `a_log` VALUES ('1663728159364878336', null, '2023-05-31 10:04:38.475000', '0', null, '2023-05-31 10:04:38.475000', '55', '127.0.0.1', '本地测试', '查询菜单', '{}', 'GET', '/zwz/permission/getMenuList', 'admin', '2', 'PERMISSION-02', 'PC端 | Chrome 113.0.0.0 | Windows Windows 10 or Windows Server 2016');
INSERT INTO `a_log` VALUES ('1663728160258265090', null, '2023-05-31 10:04:38.658000', '0', null, '2023-05-31 10:04:38.658000', '25', '127.0.0.1', '本地测试', '查询单个数据字典的值', '{}', 'GET', '/zwz/dictData/getByType/sex', 'admin', '2', 'DICT_DATA-01', 'PC端 | Chrome 113.0.0.0 | Windows Windows 10 or Windows Server 2016');
INSERT INTO `a_log` VALUES ('1663728160262459392', null, '2023-05-31 10:04:38.694000', '0', null, '2023-05-31 10:04:38.694000', '61', '127.0.0.1', '本地测试', '查询学生', '{\"pageNumber\":\"1\",\"pageSize\":\"15\",\"sort\":\"createTime\",\"order\":\"desc\"}', 'GET', '/zwz/student/getByPage', 'admin', '3', 'STUDENT-04', 'PC端 | Chrome 113.0.0.0 | Windows Windows 10 or Windows Server 2016');
INSERT INTO `a_log` VALUES ('1663728200636829696', null, '2023-05-31 10:04:48.338000', '0', null, '2023-05-31 10:04:48.338000', '78', '127.0.0.1', '本地测试', '查询单个数据字典的值', '{}', 'GET', '/zwz/dictData/getByType/education', 'admin', '2', 'DICT_DATA-01', 'PC端 | Chrome 113.0.0.0 | Windows Windows 10 or Windows Server 2016');
INSERT INTO `a_log` VALUES ('1663728201391804416', null, '2023-05-31 10:04:48.483000', '0', null, '2023-05-31 10:04:48.483000', '43', '127.0.0.1', '本地测试', '查询教师', '{\"pageNumber\":\"1\",\"pageSize\":\"15\",\"sort\":\"createTime\",\"order\":\"desc\"}', 'GET', '/zwz/teacher/getByPage', 'admin', '3', 'TEACHER-04', 'PC端 | Chrome 113.0.0.0 | Windows Windows 10 or Windows Server 2016');
INSERT INTO `a_log` VALUES ('1663728217149804544', null, '2023-05-31 10:04:52.222000', '0', null, '2023-05-31 10:04:52.222000', '26', '127.0.0.1', '本地测试', '查询单个数据字典的值', '{}', 'GET', '/zwz/dictData/getByType/occupationStatus', 'admin', '2', 'DICT_DATA-01', 'PC端 | Chrome 113.0.0.0 | Windows Windows 10 or Windows Server 2016');
INSERT INTO `a_log` VALUES ('1663728217149804545', null, '2023-05-31 10:04:52.283000', '0', null, '2023-05-31 10:04:52.283000', '85', '127.0.0.1', '本地测试', '查询单个数据字典的值', '{}', 'GET', '/zwz/dictData/getByType/education', 'admin', '2', 'DICT_DATA-01', 'PC端 | Chrome 113.0.0.0 | Windows Windows 10 or Windows Server 2016');
INSERT INTO `a_log` VALUES ('1663728328173031427', null, '2023-05-31 10:05:18.800000', '0', null, '2023-05-31 10:05:18.800000', '136', '127.0.0.1', '本地测试', '文件上传', '{}', 'POST', '/zwz/upload/file', 'admin', '2', 'FILE-06', 'PC端 | Chrome 113.0.0.0 | Windows Windows 10 or Windows Server 2016');
INSERT INTO `a_log` VALUES ('1663728342806958080', null, '2023-05-31 10:05:22.200000', '0', null, '2023-05-31 10:05:22.200000', '54', '127.0.0.1', '本地测试', '文件上传', '{}', 'POST', '/zwz/upload/file', 'admin', '2', 'FILE-06', 'PC端 | Chrome 113.0.0.0 | Windows Windows 10 or Windows Server 2016');
INSERT INTO `a_log` VALUES ('1663728348758675458', null, '2023-05-31 10:05:23.619000', '0', null, '2023-05-31 10:05:23.619000', '40', '127.0.0.1', '本地测试', '编辑教师', '{\"id\":\"1536614275123122176\",\"updateBy\":\"admin\",\"updateTime\":\"2022-06-14 15:41:09\",\"createBy\":\"admin\",\"createTime\":\"2022-06-14 15:39:26\",\"delFlag\":\"0\",\"name\":\"张三\",\"education\":\"博士\",\"age\":\"30\",\"graduated\":\"同济大学\",\"wages\":\"9960\",\"status\":\"在职\",\"autograph\":\"http://127.0.0.1:8080/zwz/file/view/1663728328143671296\",\"resume\":\"http://127.0.0.1:8080/zwz/file/view/1663728342752432128\",\"remark\":\"测试\",\"_index\":\"0\",\"_rowKey\":\"5\"}', 'POST', '/zwz/teacher/update', 'admin', '3', 'TEACHER-07', 'PC端 | Chrome 113.0.0.0 | Windows Windows 10 or Windows Server 2016');
INSERT INTO `a_log` VALUES ('1663728349849194502', null, '2023-05-31 10:05:23.879000', '0', null, '2023-05-31 10:05:23.879000', '40', '127.0.0.1', '本地测试', '查询教师', '{\"pageNumber\":\"1\",\"pageSize\":\"15\",\"sort\":\"createTime\",\"order\":\"desc\"}', 'GET', '/zwz/teacher/getByPage', 'admin', '3', 'TEACHER-04', 'PC端 | Chrome 113.0.0.0 | Windows Windows 10 or Windows Server 2016');
INSERT INTO `a_log` VALUES ('1663728595199201280', null, '2023-05-31 10:06:22.412000', '0', null, '2023-05-31 10:06:22.412000', '81', '127.0.0.1', '本地测试', '查询菜单', '{}', 'GET', '/zwz/permission/getMenuList', 'admin', '2', 'PERMISSION-02', 'PC端 | Chrome 113.0.0.0 | Windows Windows 10 or Windows Server 2016');
INSERT INTO `a_log` VALUES ('1663728596642041856', null, '2023-05-31 10:06:22.720000', '0', null, '2023-05-31 10:06:22.720000', '45', '127.0.0.1', '本地测试', '查询单个数据字典的值', '{}', 'GET', '/zwz/dictData/getByType/education', 'admin', '2', 'DICT_DATA-01', 'PC端 | Chrome 113.0.0.0 | Windows Windows 10 or Windows Server 2016');
INSERT INTO `a_log` VALUES ('1663728596658819072', null, '2023-05-31 10:06:22.771000', '0', null, '2023-05-31 10:06:22.771000', '90', '127.0.0.1', '本地测试', '查询教师', '{\"pageNumber\":\"1\",\"pageSize\":\"15\",\"sort\":\"createTime\",\"order\":\"desc\"}', 'GET', '/zwz/teacher/getByPage', 'admin', '3', 'TEACHER-04', 'PC端 | Chrome 113.0.0.0 | Windows Windows 10 or Windows Server 2016');
INSERT INTO `a_log` VALUES ('1663728761247502336', null, '2023-05-31 10:07:02.019000', '0', null, '2023-05-31 10:07:02.019000', '98', '127.0.0.1', '本地测试', '查询图表数据', '{}', 'GET', '/zwz/teacher/getAntvVoList', 'admin', '4', 'CHART-01', 'PC端 | Chrome 113.0.0.0 | Windows Windows 10 or Windows Server 2016');
INSERT INTO `a_log` VALUES ('1663728778884550680', null, '2023-05-31 10:07:06.159000', '0', null, '2023-05-31 10:07:06.159000', '42', '127.0.0.1', '本地测试', '查询个人门户菜单B', '{}', 'POST', '/zwz/myDoor/getMyDoorList6', 'admin', '2', 'MY-DOOR-02', 'PC端 | Chrome 113.0.0.0 | Windows Windows 10 or Windows Server 2016');
INSERT INTO `a_log` VALUES ('1663728795061981187', null, '2023-05-31 10:07:10.020000', '0', null, '2023-05-31 10:07:10.020000', '38', '127.0.0.1', '本地测试', '查询单个数据字典的值', '{}', 'GET', '/zwz/dictData/getByType/sex', 'admin', '2', 'DICT_DATA-01', 'PC端 | Chrome 113.0.0.0 | Windows Windows 10 or Windows Server 2016');
INSERT INTO `a_log` VALUES ('1663728874523070464', null, '2023-05-31 10:07:28.992000', '0', null, '2023-05-31 10:07:28.992000', '62', '127.0.0.1', '本地测试', '查询单个数据字典的值', '{}', 'GET', '/zwz/dictData/getByType/sex', 'admin', '2', 'DICT_DATA-01', 'PC端 | Chrome 113.0.0.0 | Windows Windows 10 or Windows Server 2016');
INSERT INTO `a_log` VALUES ('1663728944442118144', null, '2023-05-31 10:07:45.680000', '0', null, '2023-05-31 10:07:45.680000', '95', '127.0.0.1', '本地测试', '查询个人门户菜单B', '{}', 'POST', '/zwz/myDoor/getMyDoorList6', 'admin', '2', 'MY-DOOR-02', 'PC端 | Chrome 113.0.0.0 | Windows Windows 10 or Windows Server 2016');
INSERT INTO `a_log` VALUES ('1708669778618617856', null, '2023-10-02 10:26:35.815000', '0', null, '2023-10-02 10:26:35.815000', '427', '127.0.0.1', '本地测试', '登录系统', '{\"username\":\"admin\",\"password\":\"\",\"code\":\"3076\",\"captchaId\":\"dc940f26621242e5930193798762f393\",\"saveLogin\":\"true\"}', 'POST', '/zwz/login', 'admin', '1', '', 'PC端 | Chrome 117.0.0.0 | Windows Windows 10 or Windows Server 2016');
INSERT INTO `a_log` VALUES ('1708669780124372992', null, '2023-10-02 10:26:35.817000', '0', null, '2023-10-02 10:26:35.817000', '39', '127.0.0.1', '本地测试', '获取当前登录用户', '{}', 'GET', '/zwz/user/info', 'admin', '2', 'USER-02', 'PC端 | Chrome 117.0.0.0 | Windows Windows 10 or Windows Server 2016');
INSERT INTO `a_log` VALUES ('1708669781634322432', null, '2023-10-02 10:26:36.180000', '0', null, '2023-10-02 10:26:36.180000', '175', '127.0.0.1', '本地测试', '查询菜单', '{}', 'GET', '/zwz/permission/getMenuList', 'admin', '2', 'PERMISSION-02', 'PC端 | Chrome 117.0.0.0 | Windows Windows 10 or Windows Server 2016');
INSERT INTO `a_log` VALUES ('1708669784767467520', null, '2023-10-02 10:26:36.919000', '0', null, '2023-10-02 10:26:36.919000', '37', '127.0.0.1', '本地测试', '查询菜单', '{}', 'GET', '/zwz/permission/getMenuList', 'admin', '2', 'PERMISSION-02', 'PC端 | Chrome 117.0.0.0 | Windows Windows 10 or Windows Server 2016');
INSERT INTO `a_log` VALUES ('1708669785212063744', null, '2023-10-02 10:26:37.030000', '0', null, '2023-10-02 10:26:37.030000', '48', '127.0.0.1', '本地测试', '查询个人门户菜单B', '{}', 'POST', '/zwz/myDoor/getMyDoorList6', 'admin', '2', 'MY-DOOR-02', 'PC端 | Chrome 117.0.0.0 | Windows Windows 10 or Windows Server 2016');
INSERT INTO `a_log` VALUES ('1708669796394078208', null, '2023-10-02 10:26:39.694000', '0', null, '2023-10-02 10:26:39.694000', '94', '127.0.0.1', '本地测试', '查询角色', '{\"pageNumber\":\"1\",\"pageSize\":\"15\",\"sort\":\"createTime\",\"order\":\"desc\"}', 'GET', '/zwz/role/getAllByPage', 'admin', '2', 'ROLE-02', 'PC端 | Chrome 117.0.0.0 | Windows Windows 10 or Windows Server 2016');
INSERT INTO `a_log` VALUES ('1708669796473769984', null, '2023-10-02 10:26:39.752000', '0', null, '2023-10-02 10:26:39.752000', '154', '127.0.0.1', '本地测试', '查询全部菜单', '{}', 'GET', '/zwz/permission/getAllList', 'admin', '2', 'PERMISSION-04', 'PC端 | Chrome 117.0.0.0 | Windows Windows 10 or Windows Server 2016');
INSERT INTO `a_log` VALUES ('1708669799950848000', null, '2023-10-02 10:26:40.546000', '0', null, '2023-10-02 10:26:40.546000', '34', '127.0.0.1', '本地测试', '查询单个数据字典的值', '{}', 'GET', '/zwz/dictData/getByType/permission_type', 'admin', '2', 'DICT_DATA-01', 'PC端 | Chrome 117.0.0.0 | Windows Windows 10 or Windows Server 2016');
INSERT INTO `a_log` VALUES ('1708669819630522368', null, '2023-10-02 10:26:45.232000', '0', null, '2023-10-02 10:26:45.232000', '47', '127.0.0.1', '本地测试', '查询菜单权限拥有者', '{\"permissionId\":\"125909152017944576\"}', 'GET', '/zwz/permission/getUserByPermission', 'admin', '2', 'PERMISSION-01', 'PC端 | Chrome 117.0.0.0 | Windows Windows 10 or Windows Server 2016');
INSERT INTO `a_log` VALUES ('1708669826777616384', null, '2023-10-02 10:26:46.935000', '0', null, '2023-10-02 10:26:46.935000', '34', '127.0.0.1', '本地测试', '编辑菜单', '{\"id\":\"125909152017944576\",\"updateBy\":\"admin\",\"createBy\":\"admin\",\"createTime\":\"2022-03-20 09:46:20\",\"delFlag\":\"0\",\"name\":\"zwz\",\"title\":\"智能教学资源库系统\",\"level\":\"0\",\"status\":\"0\",\"type\":\"-1\",\"component\":\"\",\"path\":\"\",\"icon\":\"md-home\",\"parentId\":\"0\",\"buttonType\":\"\",\"description\":\"\",\"sortOrder\":\"1\",\"expand\":\"true\",\"selected\":\"true\",\"checked\":\"false\",\"permTypes\":\"\",\"nodeKey\":\"0\"}', 'POST', '/zwz/permission/edit', 'admin', '2', 'PERMISSION-07', 'PC端 | Chrome 117.0.0.0 | Windows Windows 10 or Windows Server 2016');
INSERT INTO `a_log` VALUES ('1708669828123987968', null, '2023-10-02 10:26:47.255000', '0', null, '2023-10-02 10:26:47.255000', '91', '127.0.0.1', '本地测试', '查询菜单', '{}', 'GET', '/zwz/permission/getMenuList', 'admin', '2', 'PERMISSION-02', 'PC端 | Chrome 117.0.0.0 | Windows Windows 10 or Windows Server 2016');
INSERT INTO `a_log` VALUES ('1708669828312731648', null, '2023-10-02 10:26:47.303000', '0', null, '2023-10-02 10:26:47.303000', '32', '127.0.0.1', '本地测试', '查询单个数据字典的值', '{}', 'GET', '/zwz/dictData/getByType/permission_type', 'admin', '2', 'DICT_DATA-01', 'PC端 | Chrome 117.0.0.0 | Windows Windows 10 or Windows Server 2016');
INSERT INTO `a_log` VALUES ('1708669828648275968', null, '2023-10-02 10:26:47.383000', '0', null, '2023-10-02 10:26:47.383000', '104', '127.0.0.1', '本地测试', '查询全部菜单', '{}', 'GET', '/zwz/permission/getAllList', 'admin', '2', 'PERMISSION-04', 'PC端 | Chrome 117.0.0.0 | Windows Windows 10 or Windows Server 2016');
INSERT INTO `a_log` VALUES ('1708669855647010816', null, '2023-10-02 10:26:53.868000', '0', null, '2023-10-02 10:26:53.868000', '89', '127.0.0.1', '本地测试', '查询角色', '{\"pageNumber\":\"1\",\"pageSize\":\"15\",\"sort\":\"createTime\",\"order\":\"desc\"}', 'GET', '/zwz/role/getAllByPage', 'admin', '2', 'ROLE-02', 'PC端 | Chrome 117.0.0.0 | Windows Windows 10 or Windows Server 2016');
INSERT INTO `a_log` VALUES ('1708669917806596096', null, '2023-10-02 10:27:08.696000', '0', null, '2023-10-02 10:27:08.696000', '90', '127.0.0.1', '本地测试', '编辑角色', '{\"id\":\"1536606659751841799\",\"updateBy\":\"admin\",\"updateTime\":\"2022-03-20 09:46:20\",\"createBy\":\"\",\"createTime\":\"2022-03-20 09:46:20\",\"delFlag\":\"0\",\"name\":\"ROLE_ADMIN\",\"dataType\":\"0\",\"defaultRole\":\"false\",\"description\":\"教务管理员\",\"_index\":\"1\",\"_rowKey\":\"8\"}', 'POST', '/zwz/role/edit', 'admin', '2', 'ROLE-06', 'PC端 | Chrome 117.0.0.0 | Windows Windows 10 or Windows Server 2016');
INSERT INTO `a_log` VALUES ('1708669918871949312', null, '2023-10-02 10:27:08.897000', '0', null, '2023-10-02 10:27:08.897000', '46', '127.0.0.1', '本地测试', '查询角色', '{\"pageNumber\":\"1\",\"pageSize\":\"15\",\"sort\":\"createTime\",\"order\":\"desc\"}', 'GET', '/zwz/role/getAllByPage', 'admin', '2', 'ROLE-02', 'PC端 | Chrome 117.0.0.0 | Windows Windows 10 or Windows Server 2016');
INSERT INTO `a_log` VALUES ('1708669991785730048', null, '2023-10-02 10:27:26.311000', '0', null, '2023-10-02 10:27:26.311000', '62', '127.0.0.1', '本地测试', '编辑角色', '{\"id\":\"1536606659751841795\",\"updateBy\":\"admin\",\"updateTime\":\"2022-03-20 09:46:20\",\"createBy\":\"\",\"createTime\":\"2022-03-20 09:46:20\",\"delFlag\":\"0\",\"name\":\"ROLE_USER\",\"dataType\":\"0\",\"defaultRole\":\"true\",\"description\":\"学生\",\"_index\":\"0\",\"_rowKey\":\"9\"}', 'POST', '/zwz/role/edit', 'admin', '2', 'ROLE-06', 'PC端 | Chrome 117.0.0.0 | Windows Windows 10 or Windows Server 2016');
INSERT INTO `a_log` VALUES ('1708669993442480128', null, '2023-10-02 10:27:26.671000', '0', null, '2023-10-02 10:27:26.671000', '34', '127.0.0.1', '本地测试', '查询角色', '{\"pageNumber\":\"1\",\"pageSize\":\"15\",\"sort\":\"createTime\",\"order\":\"desc\"}', 'GET', '/zwz/role/getAllByPage', 'admin', '2', 'ROLE-02', 'PC端 | Chrome 117.0.0.0 | Windows Windows 10 or Windows Server 2016');
INSERT INTO `a_log` VALUES ('1708670081573195776', null, '2023-10-02 10:27:47.734000', '0', null, '2023-10-02 10:27:47.734000', '163', '127.0.0.1', '本地测试', '修改菜单权限', '{\"roleId\":\"1536606659751841799\",\"permIds\":\"125909152017944576,1464484663442673664,5129710648430593,1663723467998105600,1663723511849553920,1663723538621796352,40238597734928384,1663724125664972800,1663724149731889152,1663724174398590976,5129710648430594,1663724230593875968,1663724255319298048,1663724279579152384,1663724334755221504,5129710648430595,1663724386382909440,1663724413914320896,1663724441433149440,56309618086776832,1663724628767543296,1663724665174102016,1663726175089987584,41363147411427328,1530689602321518592,1663724779984785408,1663724805096083456,1663724828114423808,1535166438371889152,1633741726566977536,1633741814378926080,1634023108371419136,1634023137060458496,1634023164956774400,1634023239103680512,1634023301795942400,1633741933077729280,1633742047582228480,1634023351347449856,1634023383710699520,1634023416598237184,1633742255842004992,1633742360347283456,1634023490900332544,1634023564665556992,1634023595514662912,1634008127965892608,1633742494619537408,1633742556745568256,1634023710753165312,1634023741417721856,1633742673821175808,1633742731975200768,1634023834195726336,1634021697231392768,1634021781109084160,1536599942410407936,1536600125332393984,1536600268379131904,1536604417711804416,1536606273959759872,1536606372668510208,1536606464712511488,1536606550951596032,1536606637815631872,1536875505901506560\"}', 'POST', '/zwz/role/editRolePerm', 'admin', '2', 'ROLE-04', 'PC端 | Chrome 117.0.0.0 | Windows Windows 10 or Windows Server 2016');
INSERT INTO `a_log` VALUES ('1708670083326414861', null, '2023-10-02 10:27:48.101000', '0', null, '2023-10-02 10:27:48.101000', '36', '127.0.0.1', '本地测试', '查询角色', '{\"pageNumber\":\"1\",\"pageSize\":\"15\",\"sort\":\"createTime\",\"order\":\"desc\"}', 'GET', '/zwz/role/getAllByPage', 'admin', '2', 'ROLE-02', 'PC端 | Chrome 117.0.0.0 | Windows Windows 10 or Windows Server 2016');
INSERT INTO `a_log` VALUES ('1708670083624210432', null, '2023-10-02 10:27:48.172000', '0', null, '2023-10-02 10:27:48.172000', '107', '127.0.0.1', '本地测试', '查询菜单', '{}', 'GET', '/zwz/permission/getMenuList', 'admin', '2', 'PERMISSION-02', 'PC端 | Chrome 117.0.0.0 | Windows Windows 10 or Windows Server 2016');
INSERT INTO `a_log` VALUES ('1708670210363494400', null, '2023-10-02 10:28:18.438000', '0', null, '2023-10-02 10:28:18.438000', '124', '127.0.0.1', '本地测试', '修改菜单权限', '{\"roleId\":\"1536606659751841795\",\"permIds\":\"125909152017944576,1633741726566977536,1633741814378926080,1634023239103680512,1633741933077729280,1633742047582228480,1633742255842004992,1634008127965892608,1633742494619537408,1633742556745568256,1634023741417721856,1633742673821175808,1633742731975200768,1536599942410407936,1536600125332393984,1536600268379131904,1536604417711804416,1536606273959759872,1536606372668510208,1536606464712511488,1536606550951596032,1536606637815631872,1536875505901506560\"}', 'POST', '/zwz/role/editRolePerm', 'admin', '2', 'ROLE-04', 'PC端 | Chrome 117.0.0.0 | Windows Windows 10 or Windows Server 2016');
INSERT INTO `a_log` VALUES ('1708670212137684995', null, '2023-10-02 10:28:18.815000', '0', null, '2023-10-02 10:28:18.815000', '36', '127.0.0.1', '本地测试', '查询角色', '{\"pageNumber\":\"1\",\"pageSize\":\"15\",\"sort\":\"createTime\",\"order\":\"desc\"}', 'GET', '/zwz/role/getAllByPage', 'admin', '2', 'ROLE-02', 'PC端 | Chrome 117.0.0.0 | Windows Windows 10 or Windows Server 2016');
INSERT INTO `a_log` VALUES ('1708670212439674880', null, '2023-10-02 10:28:18.885000', '0', null, '2023-10-02 10:28:18.885000', '107', '127.0.0.1', '本地测试', '查询菜单', '{}', 'GET', '/zwz/permission/getMenuList', 'admin', '2', 'PERMISSION-02', 'PC端 | Chrome 117.0.0.0 | Windows Windows 10 or Windows Server 2016');
INSERT INTO `a_log` VALUES ('1708670525447999488', null, '2023-10-02 10:29:33.900000', '0', null, '2023-10-02 10:29:33.900000', '370', '127.0.0.1', '本地测试', '修改菜单权限', '{\"roleId\":\"1536606659751841799\",\"permIds\":\"125909152017944576,1464484663442673664,5129710648430593,1663723467998105600,1663723511849553920,1663723538621796352,40238597734928384,1663724125664972800,1663724149731889152,1663724174398590976,5129710648430594,1663724230593875968,1663724255319298048,1663724279579152384,1663724334755221504,5129710648430595,1663724386382909440,1663724413914320896,1663724441433149440,56309618086776832,1663724628767543296,1663724665174102016,1663726175089987584,41363147411427328,1530689602321518592,1663724779984785408,1663724805096083456,1663724828114423808,1633741726566977536,1633741814378926080,1634023108371419136,1634023137060458496,1634023164956774400,1634023239103680512,1634023301795942400,1633741933077729280,1633742047582228480,1634023351347449856,1634023383710699520,1634023416598237184,1633742255842004992,1633742360347283456,1634023490900332544,1634023564665556992,1634023595514662912,1633742494619537408,1633742556745568256,1634023710753165312,1634023741417721856,1633742673821175808,1633742731975200768,1634023834195726336,1634021697231392768,1634021781109084160,1536599942410407936,1536600125332393984,1536600268379131904,1536604417711804416,1536606273959759872,1536606372668510208,1536606464712511488,1536606550951596032,1536606637815631872,1536875505901506560\"}', 'POST', '/zwz/role/editRolePerm', '管理员', '2', 'ROLE-04', 'PC端 | Chrome 117.0.0.0 | Windows Windows 10 or Windows Server 2016');
INSERT INTO `a_log` VALUES ('1708670528165908480', null, '2023-10-02 10:29:34.166000', '0', null, '2023-10-02 10:29:34.166000', '296', '127.0.0.1', '本地测试', '查询菜单', '{}', 'GET', '/zwz/permission/getMenuList', '管理员', '2', 'PERMISSION-02', 'PC端 | Chrome 117.0.0.0 | Windows Windows 10 or Windows Server 2016');
INSERT INTO `a_log` VALUES ('1708670528690196480', null, '2023-10-02 10:29:34.299000', '0', null, '2023-10-02 10:29:34.299000', '99', '127.0.0.1', '本地测试', '查询角色', '{\"pageNumber\":\"1\",\"pageSize\":\"15\",\"sort\":\"createTime\",\"order\":\"desc\"}', 'GET', '/zwz/role/getAllByPage', '管理员', '2', 'ROLE-02', 'PC端 | Chrome 117.0.0.0 | Windows Windows 10 or Windows Server 2016');
INSERT INTO `a_log` VALUES ('1708671176970211328', null, '2023-10-02 10:32:08.901000', '0', null, '2023-10-02 10:32:08.901000', '91', '127.0.0.1', '本地测试', '查询菜单', '{}', 'GET', '/zwz/permission/getMenuList', '管理员', '2', 'PERMISSION-02', 'PC端 | Chrome 117.0.0.0 | Windows Windows 10 or Windows Server 2016');
INSERT INTO `a_log` VALUES ('1708671235434614784', null, '2023-10-02 10:32:22.827000', '0', null, '2023-10-02 10:32:22.827000', '74', '127.0.0.1', '本地测试', '查询菜单', '{}', 'GET', '/zwz/permission/getMenuList', '管理员', '2', 'PERMISSION-02', 'PC端 | Chrome 117.0.0.0 | Windows Windows 10 or Windows Server 2016');
INSERT INTO `a_log` VALUES ('1708671343542800384', null, '2023-10-02 10:32:48.624000', '0', null, '2023-10-02 10:32:48.624000', '108', '127.0.0.1', '本地测试', '文件上传', '{}', 'POST', '/zwz/upload/file', '管理员', '2', 'FILE-06', 'PC端 | Chrome 117.0.0.0 | Windows Windows 10 or Windows Server 2016');
INSERT INTO `a_log` VALUES ('1708671389579481088', null, '2023-10-02 10:32:59.580000', '0', null, '2023-10-02 10:32:59.580000', '89', '127.0.0.1', '本地测试', '文件上传', '{}', 'POST', '/zwz/upload/file', '管理员', '2', 'FILE-06', 'PC端 | Chrome 117.0.0.0 | Windows Windows 10 or Windows Server 2016');
INSERT INTO `a_log` VALUES ('1708671432478822400', null, '2023-10-02 10:33:09.817000', '0', null, '2023-10-02 10:33:09.817000', '88', '127.0.0.1', '本地测试', '文件上传', '{}', 'POST', '/zwz/upload/file', '管理员', '2', 'FILE-06', 'PC端 | Chrome 117.0.0.0 | Windows Windows 10 or Windows Server 2016');
INSERT INTO `a_log` VALUES ('1708672014845349888', null, '2023-10-02 10:35:28.667000', '0', null, '2023-10-02 10:35:28.667000', '99', '127.0.0.1', '本地测试', '文件上传', '{}', 'POST', '/zwz/upload/file', '管理员', '2', 'FILE-06', 'PC端 | Chrome 117.0.0.0 | Windows Windows 10 or Windows Server 2016');
INSERT INTO `a_log` VALUES ('1708672036563456000', null, '2023-10-02 10:35:33.847000', '0', null, '2023-10-02 10:35:33.847000', '92', '127.0.0.1', '本地测试', '文件上传', '{}', 'POST', '/zwz/upload/file', '管理员', '2', 'FILE-06', 'PC端 | Chrome 117.0.0.0 | Windows Windows 10 or Windows Server 2016');
INSERT INTO `a_log` VALUES ('1708672055383298049', null, '2023-10-02 10:35:38.285000', '0', null, '2023-10-02 10:35:38.285000', '47', '127.0.0.1', '本地测试', '文件上传', '{}', 'POST', '/zwz/upload/file', '管理员', '2', 'FILE-06', 'PC端 | Chrome 117.0.0.0 | Windows Windows 10 or Windows Server 2016');
INSERT INTO `a_log` VALUES ('1708672100908273664', null, '2023-10-02 10:35:49.186000', '0', null, '2023-10-02 10:35:49.186000', '83', '127.0.0.1', '本地测试', '查询个人门户菜单B', '{}', 'POST', '/zwz/myDoor/getMyDoorList6', '管理员', '2', 'MY-DOOR-02', 'PC端 | Chrome 117.0.0.0 | Windows Windows 10 or Windows Server 2016');
INSERT INTO `a_log` VALUES ('1708672122253086720', null, '2023-10-02 10:35:54.232000', '0', null, '2023-10-02 10:35:54.232000', '50', '127.0.0.1', '本地测试', '查询单个数据字典的值', '{}', 'GET', '/zwz/dictData/getByType/sex', '管理员', '2', 'DICT_DATA-01', 'PC端 | Chrome 117.0.0.0 | Windows Windows 10 or Windows Server 2016');
INSERT INTO `a_log` VALUES ('1708672122336972800', null, '2023-10-02 10:35:54.282000', '0', null, '2023-10-02 10:35:54.282000', '131', '127.0.0.1', '本地测试', '查询子部门', '{}', 'GET', '/zwz/department/getByParentId', '管理员', '2', 'DEP-01', 'PC端 | Chrome 117.0.0.0 | Windows Windows 10 or Windows Server 2016');
INSERT INTO `a_log` VALUES ('1708672122349555712', null, '2023-10-02 10:35:54.299000', '0', null, '2023-10-02 10:35:54.299000', '70', '127.0.0.1', '本地测试', '查询全部角色', '{}', 'GET', '/zwz/role/getAllList', '管理员', '2', 'ROLE-01', 'PC端 | Chrome 117.0.0.0 | Windows Windows 10 or Windows Server 2016');
INSERT INTO `a_log` VALUES ('1708672122504744960', null, '2023-10-02 10:35:54.300000', '0', null, '2023-10-02 10:35:54.300000', '58', '127.0.0.1', '本地测试', '查询用户', '{\"nickname\":\"\",\"departmentId\":\"\",\"pageNumber\":\"1\",\"pageSize\":\"20\",\"sort\":\"createTime\",\"order\":\"desc\"}', 'GET', '/zwz/user/getUserList', '管理员', '2', 'USER-07', 'PC端 | Chrome 117.0.0.0 | Windows Windows 10 or Windows Server 2016');
INSERT INTO `a_log` VALUES ('1708672124102774784', null, '2023-10-02 10:35:54.664000', '0', null, '2023-10-02 10:35:54.664000', '39', '127.0.0.1', '本地测试', '查询子部门', '{}', 'GET', '/zwz/department/getByParentId', '管理员', '2', 'DEP-01', 'PC端 | Chrome 117.0.0.0 | Windows Windows 10 or Windows Server 2016');
INSERT INTO `a_log` VALUES ('1708672135330926592', null, '2023-10-02 10:35:57.344000', '0', null, '2023-10-02 10:35:57.344000', '39', '127.0.0.1', '本地测试', '查询个人门户菜单B', '{}', 'POST', '/zwz/myDoor/getMyDoorList6', '管理员', '2', 'MY-DOOR-02', 'PC端 | Chrome 117.0.0.0 | Windows Windows 10 or Windows Server 2016');
INSERT INTO `a_log` VALUES ('1708672151638380544', null, '2023-10-02 10:36:01.548000', '0', null, '2023-10-02 10:36:01.548000', '354', '127.0.0.1', '本地测试', '登录系统', '{\"username\":\"13600000001\",\"password\":\"\",\"code\":\"7677\",\"captchaId\":\"1ede3ebf2be74b85966e9f3e40d7b80e\",\"saveLogin\":\"true\"}', 'POST', '/zwz/login', '用户A', '1', '', 'PC端 | Chrome 117.0.0.0 | Windows Windows 10 or Windows Server 2016');
INSERT INTO `a_log` VALUES ('1708672151667740672', null, '2023-10-02 10:36:01.238000', '0', null, '2023-10-02 10:36:01.238000', '35', '127.0.0.1', '本地测试', '获取当前登录用户', '{}', 'GET', '/zwz/user/info', '用户A', '2', 'USER-02', 'PC端 | Chrome 117.0.0.0 | Windows Windows 10 or Windows Server 2016');
INSERT INTO `a_log` VALUES ('1708672153383211008', null, '2023-10-02 10:36:01.647000', '0', null, '2023-10-02 10:36:01.647000', '76', '127.0.0.1', '本地测试', '查询菜单', '{}', 'GET', '/zwz/permission/getMenuList', '用户A', '2', 'PERMISSION-02', 'PC端 | Chrome 117.0.0.0 | Windows Windows 10 or Windows Server 2016');
INSERT INTO `a_log` VALUES ('1708672153995579392', null, '2023-10-02 10:36:01.793000', '0', null, '2023-10-02 10:36:01.793000', '42', '127.0.0.1', '本地测试', '查询个人门户菜单B', '{}', 'POST', '/zwz/myDoor/getMyDoorList6', '用户A', '2', 'MY-DOOR-02', 'PC端 | Chrome 117.0.0.0 | Windows Windows 10 or Windows Server 2016');
INSERT INTO `a_log` VALUES ('1708672156587659264', null, '2023-10-02 10:36:02.412000', '0', null, '2023-10-02 10:36:02.412000', '38', '127.0.0.1', '本地测试', '查询菜单', '{}', 'GET', '/zwz/permission/getMenuList', '用户A', '2', 'PERMISSION-02', 'PC端 | Chrome 117.0.0.0 | Windows Windows 10 or Windows Server 2016');
INSERT INTO `a_log` VALUES ('1708672157086781440', null, '2023-10-02 10:36:02.526000', '0', null, '2023-10-02 10:36:02.526000', '30', '127.0.0.1', '本地测试', '查询个人门户菜单B', '{}', 'POST', '/zwz/myDoor/getMyDoorList6', '用户A', '2', 'MY-DOOR-02', 'PC端 | Chrome 117.0.0.0 | Windows Windows 10 or Windows Server 2016');
INSERT INTO `a_log` VALUES ('1708672188829274112', null, '2023-10-02 10:36:10.135000', '0', null, '2023-10-02 10:36:10.135000', '74', '127.0.0.1', '本地测试', '查询个人门户菜单B', '{}', 'POST', '/zwz/myDoor/getMyDoorList6', '用户A', '2', 'MY-DOOR-02', 'PC端 | Chrome 117.0.0.0 | Windows Windows 10 or Windows Server 2016');
INSERT INTO `a_log` VALUES ('1708672348711948288', null, '2023-10-02 10:36:48.264000', '0', null, '2023-10-02 10:36:48.264000', '77', '127.0.0.1', '本地测试', '登录系统', '{\"username\":\"admin\",\"password\":\"\",\"code\":\"0057\",\"captchaId\":\"772c3e6991b346cea65c0dc231035e94\",\"saveLogin\":\"true\"}', 'POST', '/zwz/login', '管理员', '1', '', 'PC端 | Chrome 117.0.0.0 | Windows Windows 10 or Windows Server 2016');
INSERT INTO `a_log` VALUES ('1708672350075097088', null, '2023-10-02 10:36:48.548000', '0', null, '2023-10-02 10:36:48.548000', '41', '127.0.0.1', '本地测试', '获取当前登录用户', '{}', 'GET', '/zwz/user/info', '管理员', '2', 'USER-02', 'PC端 | Chrome 117.0.0.0 | Windows Windows 10 or Windows Server 2016');
INSERT INTO `a_log` VALUES ('1708672351182393344', null, '2023-10-02 10:36:48.803000', '0', null, '2023-10-02 10:36:48.803000', '33', '127.0.0.1', '本地测试', '查询菜单', '{}', 'GET', '/zwz/permission/getMenuList', '管理员', '2', 'PERMISSION-02', 'PC端 | Chrome 117.0.0.0 | Windows Windows 10 or Windows Server 2016');
INSERT INTO `a_log` VALUES ('1708672353732530176', null, '2023-10-02 10:36:49.413000', '0', null, '2023-10-02 10:36:49.413000', '33', '127.0.0.1', '本地测试', '查询菜单', '{}', 'GET', '/zwz/permission/getMenuList', '管理员', '2', 'PERMISSION-02', 'PC端 | Chrome 117.0.0.0 | Windows Windows 10 or Windows Server 2016');
INSERT INTO `a_log` VALUES ('1708672354386841600', null, '2023-10-02 10:36:49.572000', '0', null, '2023-10-02 10:36:49.572000', '87', '127.0.0.1', '本地测试', '查询个人门户菜单B', '{}', 'POST', '/zwz/myDoor/getMyDoorList6', '管理员', '2', 'MY-DOOR-02', 'PC端 | Chrome 117.0.0.0 | Windows Windows 10 or Windows Server 2016');
INSERT INTO `a_log` VALUES ('1708672792414785536', null, '2023-10-02 10:38:34.046000', '0', null, '2023-10-02 10:38:34.046000', '78', '127.0.0.1', '本地测试', '查询个人门户菜单B', '{}', 'POST', '/zwz/myDoor/getMyDoorList6', '管理员', '2', 'MY-DOOR-02', 'PC端 | Chrome 117.0.0.0 | Windows Windows 10 or Windows Server 2016');
INSERT INTO `a_log` VALUES ('1801056783515652096', null, '2024-06-13 08:59:34.347000', '0', null, '2024-06-13 08:59:34.347000', '590', '127.0.0.1', '本地测试', '登录系统', '{\"username\":\"admin\",\"password\":\"\",\"code\":\"2123\",\"captchaId\":\"9a6a872c2eb249e89c8366bef02b124f\",\"saveLogin\":\"true\"}', 'POST', '/zwz/login', '管理员', '1', '', 'PC端 | Chrome 126.0.0.0 | Windows Windows 10 or Windows Server 2016');
INSERT INTO `a_log` VALUES ('1801056785075933184', null, '2024-06-13 08:59:34.347000', '0', null, '2024-06-13 08:59:34.347000', '117', '127.0.0.1', '本地测试', '获取当前登录用户', '{}', 'GET', '/zwz/user/info', '管理员', '2', 'USER-02', 'PC端 | Chrome 126.0.0.0 | Windows Windows 10 or Windows Server 2016');
INSERT INTO `a_log` VALUES ('1801056786598465536', null, '2024-06-13 08:59:34.634000', '0', null, '2024-06-13 08:59:34.634000', '197', '127.0.0.1', '本地测试', '查询菜单', '{}', 'GET', '/zwz/permission/getMenuList', '管理员', '2', 'PERMISSION-02', 'PC端 | Chrome 126.0.0.0 | Windows Windows 10 or Windows Server 2016');
INSERT INTO `a_log` VALUES ('1801057044967591936', null, '2024-06-13 09:00:36.316000', '0', null, '2024-06-13 09:00:36.316000', '134', '127.0.0.1', '本地测试', '查询菜单', '{}', 'GET', '/zwz/permission/getMenuList', '管理员', '2', 'PERMISSION-02', 'PC端 | Chrome 126.0.0.0 | Windows Windows 10 or Windows Server 2016');
INSERT INTO `a_log` VALUES ('1801057045785481216', null, '2024-06-13 09:00:36.433000', '0', null, '2024-06-13 09:00:36.433000', '67', '127.0.0.1', '本地测试', '查询个人门户菜单B', '{}', 'POST', '/zwz/myDoor/getMyDoorList6', '管理员', '2', 'MY-DOOR-02', 'PC端 | Chrome 126.0.0.0 | Windows Windows 10 or Windows Server 2016');
INSERT INTO `a_log` VALUES ('1801062491657211904', null, '2024-06-13 09:22:15.066000', '0', null, '2024-06-13 09:22:15.066000', '289', '127.0.0.1', '本地测试', '查询菜单', '{}', 'GET', '/zwz/permission/getMenuList', '管理员', '2', 'PERMISSION-02', 'PC端 | Chrome 126.0.0.0 | Windows Windows 10 or Windows Server 2016');
INSERT INTO `a_log` VALUES ('1801062492898725888', null, '2024-06-13 09:22:15.134000', '0', null, '2024-06-13 09:22:15.134000', '74', '127.0.0.1', '本地测试', '查询个人门户菜单B', '{}', 'POST', '/zwz/myDoor/getMyDoorList6', '管理员', '2', 'MY-DOOR-02', 'PC端 | Chrome 126.0.0.0 | Windows Windows 10 or Windows Server 2016');
INSERT INTO `a_log` VALUES ('1801062504953155584', null, '2024-06-13 09:22:18.020000', '0', null, '2024-06-13 09:22:18.020000', '70', '127.0.0.1', '本地测试', '查询菜单', '{}', 'GET', '/zwz/permission/getMenuList', '管理员', '2', 'PERMISSION-02', 'PC端 | Chrome 126.0.0.0 | Windows Windows 10 or Windows Server 2016');
INSERT INTO `a_log` VALUES ('1801062505410334720', null, '2024-06-13 09:22:18.120000', '0', null, '2024-06-13 09:22:18.120000', '76', '127.0.0.1', '本地测试', '查询个人门户菜单B', '{}', 'POST', '/zwz/myDoor/getMyDoorList6', '管理员', '2', 'MY-DOOR-02', 'PC端 | Chrome 126.0.0.0 | Windows Windows 10 or Windows Server 2016');
INSERT INTO `a_log` VALUES ('1801062510888095744', null, '2024-06-13 09:22:19.427000', '0', null, '2024-06-13 09:22:19.427000', '57', '127.0.0.1', '本地测试', '查询菜单', '{}', 'GET', '/zwz/permission/getMenuList', '管理员', '2', 'PERMISSION-02', 'PC端 | Chrome 126.0.0.0 | Windows Windows 10 or Windows Server 2016');
INSERT INTO `a_log` VALUES ('1801062511890534400', null, '2024-06-13 09:22:19.657000', '0', null, '2024-06-13 09:22:19.657000', '62', '127.0.0.1', '本地测试', '查询个人门户菜单B', '{}', 'POST', '/zwz/myDoor/getMyDoorList6', '管理员', '2', 'MY-DOOR-02', 'PC端 | Chrome 126.0.0.0 | Windows Windows 10 or Windows Server 2016');
INSERT INTO `a_log` VALUES ('1801062513224323072', null, '2024-06-13 09:22:19.992000', '0', null, '2024-06-13 09:22:19.992000', '65', '127.0.0.1', '本地测试', '查询菜单', '{}', 'GET', '/zwz/permission/getMenuList', '管理员', '2', 'PERMISSION-02', 'PC端 | Chrome 126.0.0.0 | Windows Windows 10 or Windows Server 2016');
INSERT INTO `a_log` VALUES ('1801062513618587648', null, '2024-06-13 09:22:20.070000', '0', null, '2024-06-13 09:22:20.070000', '58', '127.0.0.1', '本地测试', '查询个人门户菜单B', '{}', 'POST', '/zwz/myDoor/getMyDoorList6', '管理员', '2', 'MY-DOOR-02', 'PC端 | Chrome 126.0.0.0 | Windows Windows 10 or Windows Server 2016');
INSERT INTO `a_log` VALUES ('1801062516139364352', null, '2024-06-13 09:22:20.685000', '0', null, '2024-06-13 09:22:20.685000', '63', '127.0.0.1', '本地测试', '查询菜单', '{}', 'GET', '/zwz/permission/getMenuList', '管理员', '2', 'PERMISSION-02', 'PC端 | Chrome 126.0.0.0 | Windows Windows 10 or Windows Server 2016');
INSERT INTO `a_log` VALUES ('1801062516881756160', null, '2024-06-13 09:22:20.845000', '0', null, '2024-06-13 09:22:20.845000', '53', '127.0.0.1', '本地测试', '查询个人门户菜单B', '{}', 'POST', '/zwz/myDoor/getMyDoorList6', '管理员', '2', 'MY-DOOR-02', 'PC端 | Chrome 126.0.0.0 | Windows Windows 10 or Windows Server 2016');
INSERT INTO `a_log` VALUES ('1801062528034410496', null, '2024-06-13 09:22:23.510000', '0', null, '2024-06-13 09:22:23.510000', '52', '127.0.0.1', '本地测试', '查询菜单', '{}', 'GET', '/zwz/permission/getMenuList', '管理员', '2', 'PERMISSION-02', 'PC端 | Chrome 126.0.0.0 | Windows Windows 10 or Windows Server 2016');
INSERT INTO `a_log` VALUES ('1801062528751636480', null, '2024-06-13 09:22:23.688000', '0', null, '2024-06-13 09:22:23.688000', '79', '127.0.0.1', '本地测试', '查询个人门户菜单B', '{}', 'POST', '/zwz/myDoor/getMyDoorList6', '管理员', '2', 'MY-DOOR-02', 'PC端 | Chrome 126.0.0.0 | Windows Windows 10 or Windows Server 2016');
INSERT INTO `a_log` VALUES ('1801062559483301888', null, '2024-06-13 09:22:31.204000', '0', null, '2024-06-13 09:22:31.204000', '244', '127.0.0.1', '本地测试', '查询菜单', '{}', 'GET', '/zwz/permission/getMenuList', '管理员', '2', 'PERMISSION-02', 'PC端 | Chrome 126.0.0.0 | Windows Windows 10 or Windows Server 2016');
INSERT INTO `a_log` VALUES ('1801062561005834240', null, '2024-06-13 09:22:31.507000', '0', null, '2024-06-13 09:22:31.507000', '207', '127.0.0.1', '本地测试', '查询个人门户菜单B', '{}', 'POST', '/zwz/myDoor/getMyDoorList6', '管理员', '2', 'MY-DOOR-02', 'PC端 | Chrome 126.0.0.0 | Windows Windows 10 or Windows Server 2016');
INSERT INTO `a_log` VALUES ('1801062567741886464', null, '2024-06-13 09:22:32.977000', '0', null, '2024-06-13 09:22:32.977000', '64', '127.0.0.1', '本地测试', '查询菜单', '{}', 'GET', '/zwz/permission/getMenuList', '管理员', '2', 'PERMISSION-02', 'PC端 | Chrome 126.0.0.0 | Windows Windows 10 or Windows Server 2016');
INSERT INTO `a_log` VALUES ('1801062568706576384', null, '2024-06-13 09:22:33.203000', '0', null, '2024-06-13 09:22:33.203000', '75', '127.0.0.1', '本地测试', '查询个人门户菜单B', '{}', 'POST', '/zwz/myDoor/getMyDoorList6', '管理员', '2', 'MY-DOOR-02', 'PC端 | Chrome 126.0.0.0 | Windows Windows 10 or Windows Server 2016');
INSERT INTO `a_log` VALUES ('1801062571369959424', null, '2024-06-13 09:22:33.836000', '0', null, '2024-06-13 09:22:33.836000', '50', '127.0.0.1', '本地测试', '查询菜单', '{}', 'GET', '/zwz/permission/getMenuList', '管理员', '2', 'PERMISSION-02', 'PC端 | Chrome 126.0.0.0 | Windows Windows 10 or Windows Server 2016');
INSERT INTO `a_log` VALUES ('1801062572053630976', null, '2024-06-13 09:22:34.016000', '0', null, '2024-06-13 09:22:34.016000', '75', '127.0.0.1', '本地测试', '查询个人门户菜单B', '{}', 'POST', '/zwz/myDoor/getMyDoorList6', '管理员', '2', 'MY-DOOR-02', 'PC端 | Chrome 126.0.0.0 | Windows Windows 10 or Windows Server 2016');
INSERT INTO `a_log` VALUES ('1801062576726085632', null, '2024-06-13 09:22:35.113000', '0', null, '2024-06-13 09:22:35.113000', '48', '127.0.0.1', '本地测试', '查询菜单', '{}', 'GET', '/zwz/permission/getMenuList', '管理员', '2', 'PERMISSION-02', 'PC端 | Chrome 126.0.0.0 | Windows Windows 10 or Windows Server 2016');
INSERT INTO `a_log` VALUES ('1801062577451700224', null, '2024-06-13 09:22:35.300000', '0', null, '2024-06-13 09:22:35.300000', '72', '127.0.0.1', '本地测试', '查询个人门户菜单B', '{}', 'POST', '/zwz/myDoor/getMyDoorList6', '管理员', '2', 'MY-DOOR-02', 'PC端 | Chrome 126.0.0.0 | Windows Windows 10 or Windows Server 2016');
INSERT INTO `a_log` VALUES ('1801062594782564352', null, '2024-06-13 09:22:39.494000', '0', null, '2024-06-13 09:22:39.494000', '121', '127.0.0.1', '本地测试', '查询菜单', '{}', 'GET', '/zwz/permission/getMenuList', '管理员', '2', 'PERMISSION-02', 'PC端 | Chrome 126.0.0.0 | Windows Windows 10 or Windows Server 2016');
INSERT INTO `a_log` VALUES ('1801062595487207424', null, '2024-06-13 09:22:39.599000', '0', null, '2024-06-13 09:22:39.599000', '64', '127.0.0.1', '本地测试', '查询个人门户菜单B', '{}', 'POST', '/zwz/myDoor/getMyDoorList6', '管理员', '2', 'MY-DOOR-02', 'PC端 | Chrome 126.0.0.0 | Windows Windows 10 or Windows Server 2016');
INSERT INTO `a_log` VALUES ('1801062890170617856', null, '2024-06-13 09:23:49.941000', '0', null, '2024-06-13 09:23:49.941000', '142', '127.0.0.1', '本地测试', '查询菜单', '{}', 'GET', '/zwz/permission/getMenuList', '管理员', '2', 'PERMISSION-02', 'PC端 | Chrome 126.0.0.0 | Windows Windows 10 or Windows Server 2016');
INSERT INTO `a_log` VALUES ('1801062890975924224', null, '2024-06-13 09:23:50.034000', '0', null, '2024-06-13 09:23:50.034000', '54', '127.0.0.1', '本地测试', '查询个人门户菜单B', '{}', 'POST', '/zwz/myDoor/getMyDoorList6', '管理员', '2', 'MY-DOOR-02', 'PC端 | Chrome 126.0.0.0 | Windows Windows 10 or Windows Server 2016');
INSERT INTO `a_log` VALUES ('1801062901520404480', null, '2024-06-13 09:23:52.553000', '0', null, '2024-06-13 09:23:52.553000', '48', '127.0.0.1', '本地测试', '查询菜单', '{}', 'GET', '/zwz/permission/getMenuList', '管理员', '2', 'PERMISSION-02', 'PC端 | Chrome 126.0.0.0 | Windows Windows 10 or Windows Server 2016');
INSERT INTO `a_log` VALUES ('1801062902271184896', null, '2024-06-13 09:23:52.725000', '0', null, '2024-06-13 09:23:52.725000', '49', '127.0.0.1', '本地测试', '查询个人门户菜单B', '{}', 'POST', '/zwz/myDoor/getMyDoorList6', '管理员', '2', 'MY-DOOR-02', 'PC端 | Chrome 126.0.0.0 | Windows Windows 10 or Windows Server 2016');
INSERT INTO `a_log` VALUES ('1801062942330982400', null, '2024-06-13 09:24:02.376000', '0', null, '2024-06-13 09:24:02.376000', '143', '127.0.0.1', '本地测试', '查询菜单', '{}', 'GET', '/zwz/permission/getMenuList', '管理员', '2', 'PERMISSION-02', 'PC端 | Chrome 126.0.0.0 | Windows Windows 10 or Windows Server 2016');
INSERT INTO `a_log` VALUES ('1801062944025481216', null, '2024-06-13 09:24:02.773000', '0', null, '2024-06-13 09:24:02.773000', '153', '127.0.0.1', '本地测试', '查询个人门户菜单B', '{}', 'POST', '/zwz/myDoor/getMyDoorList6', '管理员', '2', 'MY-DOOR-02', 'PC端 | Chrome 126.0.0.0 | Windows Windows 10 or Windows Server 2016');
INSERT INTO `a_log` VALUES ('1801063177467858944', null, '2024-06-13 09:24:58.444000', '0', null, '2024-06-13 09:24:58.444000', '150', '127.0.0.1', '本地测试', '查询菜单', '{}', 'GET', '/zwz/permission/getMenuList', '管理员', '2', 'PERMISSION-02', 'PC端 | Chrome 126.0.0.0 | Windows Windows 10 or Windows Server 2016');
INSERT INTO `a_log` VALUES ('1801063178344468480', null, '2024-06-13 09:24:58.654000', '0', null, '2024-06-13 09:24:58.654000', '157', '127.0.0.1', '本地测试', '查询个人门户菜单B', '{}', 'POST', '/zwz/myDoor/getMyDoorList6', '管理员', '2', 'MY-DOOR-02', 'PC端 | Chrome 126.0.0.0 | Windows Windows 10 or Windows Server 2016');
INSERT INTO `a_log` VALUES ('1801064117591740416', null, '2024-06-13 09:28:42.603000', '0', null, '2024-06-13 09:28:42.603000', '161', '127.0.0.1', '本地测试', '查询菜单', '{}', 'GET', '/zwz/permission/getMenuList', '管理员', '2', 'PERMISSION-02', 'PC端 | Chrome 126.0.0.0 | Windows Windows 10 or Windows Server 2016');
INSERT INTO `a_log` VALUES ('1801064118124417024', null, '2024-06-13 09:28:42.668000', '0', null, '2024-06-13 09:28:42.668000', '120', '127.0.0.1', '本地测试', '查询个人门户菜单B', '{}', 'POST', '/zwz/myDoor/getMyDoorList6', '管理员', '2', 'MY-DOOR-02', 'PC端 | Chrome 126.0.0.0 | Windows Windows 10 or Windows Server 2016');
INSERT INTO `a_log` VALUES ('1801064124873052160', null, '2024-06-13 09:28:44.221000', '0', null, '2024-06-13 09:28:44.221000', '45', '127.0.0.1', '本地测试', '查询菜单', '{}', 'GET', '/zwz/permission/getMenuList', '管理员', '2', 'PERMISSION-02', 'PC端 | Chrome 126.0.0.0 | Windows Windows 10 or Windows Server 2016');
INSERT INTO `a_log` VALUES ('1801064125774827520', null, '2024-06-13 09:28:44.430000', '0', null, '2024-06-13 09:28:44.430000', '46', '127.0.0.1', '本地测试', '查询个人门户菜单B', '{}', 'POST', '/zwz/myDoor/getMyDoorList6', '管理员', '2', 'MY-DOOR-02', 'PC端 | Chrome 126.0.0.0 | Windows Windows 10 or Windows Server 2016');
INSERT INTO `a_log` VALUES ('1801064373838548992', null, '2024-06-13 09:29:44.523000', '0', null, '2024-06-13 09:29:44.523000', '908', '127.0.0.1', '本地测试', '查询菜单', '{}', 'GET', '/zwz/permission/getMenuList', '管理员', '2', 'PERMISSION-02', 'PC端 | Chrome 126.0.0.0 | Windows Windows 10 or Windows Server 2016');
INSERT INTO `a_log` VALUES ('1801064397603475457', null, '2024-06-13 09:29:49.263000', '0', null, '2024-06-13 09:29:49.263000', '56', '127.0.0.1', '本地测试', '查询全部角色', '{}', 'GET', '/zwz/role/getAllList', '管理员', '2', 'ROLE-01', 'PC端 | Chrome 126.0.0.0 | Windows Windows 10 or Windows Server 2016');
INSERT INTO `a_log` VALUES ('1801064397737693184', null, '2024-06-13 09:29:49.363000', '0', null, '2024-06-13 09:29:49.363000', '151', '127.0.0.1', '本地测试', '查询单个数据字典的值', '{}', 'GET', '/zwz/dictData/getByType/sex', '管理员', '2', 'DICT_DATA-01', 'PC端 | Chrome 126.0.0.0 | Windows Windows 10 or Windows Server 2016');
INSERT INTO `a_log` VALUES ('1801064398144540672', null, '2024-06-13 09:29:49.382000', '0', null, '2024-06-13 09:29:49.382000', '178', '127.0.0.1', '本地测试', '查询子部门', '{}', 'GET', '/zwz/department/getByParentId', '管理员', '2', 'DEP-01', 'PC端 | Chrome 126.0.0.0 | Windows Windows 10 or Windows Server 2016');
INSERT INTO `a_log` VALUES ('1801064399037927424', null, '2024-06-13 09:29:49.589000', '0', null, '2024-06-13 09:29:49.589000', '87', '127.0.0.1', '本地测试', '查询用户', '{\"nickname\":\"\",\"departmentId\":\"\",\"pageNumber\":\"1\",\"pageSize\":\"20\",\"sort\":\"createTime\",\"order\":\"desc\"}', 'GET', '/zwz/user/getUserList', '管理员', '2', 'USER-07', 'PC端 | Chrome 126.0.0.0 | Windows Windows 10 or Windows Server 2016');
INSERT INTO `a_log` VALUES ('1801064399780319232', null, '2024-06-13 09:29:49.764000', '0', null, '2024-06-13 09:29:49.764000', '55', '127.0.0.1', '本地测试', '查询子部门', '{}', 'GET', '/zwz/department/getByParentId', '管理员', '2', 'DEP-01', 'PC端 | Chrome 126.0.0.0 | Windows Windows 10 or Windows Server 2016');
INSERT INTO `a_log` VALUES ('1801064404805095424', null, '2024-06-13 09:29:50.965000', '0', null, '2024-06-13 09:29:50.965000', '54', '127.0.0.1', '本地测试', '查询子部门', '{}', 'GET', '/zwz/department/getByParentId', '管理员', '2', 'DEP-01', 'PC端 | Chrome 126.0.0.0 | Windows Windows 10 or Windows Server 2016');
INSERT INTO `a_log` VALUES ('1801064405606207488', null, '2024-06-13 09:29:51.152000', '0', null, '2024-06-13 09:29:51.152000', '50', '127.0.0.1', '本地测试', '查询子部门', '{}', 'GET', '/zwz/department/getByParentId', '管理员', '2', 'DEP-01', 'PC端 | Chrome 126.0.0.0 | Windows Windows 10 or Windows Server 2016');
INSERT INTO `a_log` VALUES ('1801064406159855616', null, '2024-06-13 09:29:51.284000', '0', null, '2024-06-13 09:29:51.284000', '54', '127.0.0.1', '本地测试', '查询用户', '{\"pageNumber\":\"1\",\"pageSize\":\"10\",\"sort\":\"createTime\",\"order\":\"desc\",\"departmentId\":\"\"}', 'GET', '/zwz/myUser/getByPage', '管理员', '2', 'USER-01', 'PC端 | Chrome 126.0.0.0 | Windows Windows 10 or Windows Server 2016');
INSERT INTO `a_log` VALUES ('1801064409758568448', null, '2024-06-13 09:29:52.144000', '0', null, '2024-06-13 09:29:52.144000', '77', '127.0.0.1', '本地测试', '查询系统文件', '{\"name\":\"\",\"fkey\":\"\",\"type\":\"\",\"pageNumber\":\"1\",\"pageSize\":\"15\",\"sort\":\"createTime\",\"order\":\"desc\",\"startDate\":\"\",\"endDate\":\"\"}', 'GET', '/zwz/file/getByCondition', '管理员', '2', 'FILE-01', 'PC端 | Chrome 126.0.0.0 | Windows Windows 10 or Windows Server 2016');
INSERT INTO `a_log` VALUES ('1801064410962333696', null, '2024-06-13 09:29:52.438000', '0', null, '2024-06-13 09:29:52.438000', '46', '127.0.0.1', '本地测试', '查看单个配置', '{\"id\":\"FILE_PATH\"}', 'GET', '/zwz/setting/getOne', '管理员', '2', 'SETTING-01', 'PC端 | Chrome 126.0.0.0 | Windows Windows 10 or Windows Server 2016');
INSERT INTO `a_log` VALUES ('1801064410962333697', null, '2024-06-13 09:29:52.509000', '0', null, '2024-06-13 09:29:52.509000', '120', '127.0.0.1', '本地测试', '查看单个配置', '{\"id\":\"FILE_HTTP\"}', 'GET', '/zwz/setting/getOne', '管理员', '2', 'SETTING-01', 'PC端 | Chrome 126.0.0.0 | Windows Windows 10 or Windows Server 2016');
INSERT INTO `a_log` VALUES ('1801064410962333698', null, '2024-06-13 09:29:52.434000', '0', null, '2024-06-13 09:29:52.434000', '47', '127.0.0.1', '本地测试', '查看单个配置', '{\"id\":\"FILE_VIEW\"}', 'GET', '/zwz/setting/getOne', '管理员', '2', 'SETTING-01', 'PC端 | Chrome 126.0.0.0 | Windows Windows 10 or Windows Server 2016');
INSERT INTO `a_log` VALUES ('1801064414904979456', null, '2024-06-13 09:29:53.374000', '0', null, '2024-06-13 09:29:53.374000', '84', '127.0.0.1', '本地测试', '查询角色', '{\"pageNumber\":\"1\",\"pageSize\":\"15\",\"sort\":\"createTime\",\"order\":\"desc\"}', 'GET', '/zwz/role/getAllByPage', '管理员', '2', 'ROLE-02', 'PC端 | Chrome 126.0.0.0 | Windows Windows 10 or Windows Server 2016');
INSERT INTO `a_log` VALUES ('1801064416138104832', null, '2024-06-13 09:29:53.666000', '0', null, '2024-06-13 09:29:53.666000', '181', '127.0.0.1', '本地测试', '查询全部菜单', '{}', 'GET', '/zwz/permission/getAllList', '管理员', '2', 'PERMISSION-04', 'PC端 | Chrome 126.0.0.0 | Windows Windows 10 or Windows Server 2016');
INSERT INTO `a_log` VALUES ('1801064418218479616', null, '2024-06-13 09:29:54.167000', '0', null, '2024-06-13 09:29:54.167000', '55', '127.0.0.1', '本地测试', '查询单个数据字典的值', '{}', 'GET', '/zwz/dictData/getByType/permission_type', '管理员', '2', 'DICT_DATA-01', 'PC端 | Chrome 126.0.0.0 | Windows Windows 10 or Windows Server 2016');
INSERT INTO `a_log` VALUES ('1801064847555825664', null, '2024-06-13 09:31:36.619000', '0', null, '2024-06-13 09:31:36.619000', '144', '127.0.0.1', '本地测试', '查询菜单', '{}', 'GET', '/zwz/permission/getMenuList', '管理员', '2', 'PERMISSION-02', 'PC端 | Chrome 126.0.0.0 | Windows Windows 10 or Windows Server 2016');
INSERT INTO `a_log` VALUES ('1801064849501982720', null, '2024-06-13 09:31:37.012000', '0', null, '2024-06-13 09:31:37.012000', '72', '127.0.0.1', '本地测试', '查询单个数据字典的值', '{}', 'GET', '/zwz/dictData/getByType/permission_type', '管理员', '2', 'DICT_DATA-01', 'PC端 | Chrome 126.0.0.0 | Windows Windows 10 or Windows Server 2016');
INSERT INTO `a_log` VALUES ('1801064863259299840', null, '2024-06-13 09:31:40.285000', '0', null, '2024-06-13 09:31:40.285000', '68', '127.0.0.1', '本地测试', '查询菜单', '{}', 'GET', '/zwz/permission/getMenuList', '管理员', '2', 'PERMISSION-02', 'PC端 | Chrome 126.0.0.0 | Windows Windows 10 or Windows Server 2016');
INSERT INTO `a_log` VALUES ('1801064865054461952', null, '2024-06-13 09:31:40.768000', '0', null, '2024-06-13 09:31:40.768000', '118', '127.0.0.1', '本地测试', '查询单个数据字典的值', '{}', 'GET', '/zwz/dictData/getByType/permission_type', '管理员', '2', 'DICT_DATA-01', 'PC端 | Chrome 126.0.0.0 | Windows Windows 10 or Windows Server 2016');
INSERT INTO `a_log` VALUES ('1801066182841864192', null, '2024-06-13 09:36:55.024000', '0', null, '2024-06-13 09:36:55.024000', '202', '127.0.0.1', '本地测试', '查询菜单', '{}', 'GET', '/zwz/permission/getMenuList', '管理员', '2', 'PERMISSION-02', 'PC端 | Chrome 126.0.0.0 | Windows Windows 10 or Windows Server 2016');
INSERT INTO `a_log` VALUES ('1801066184335036416', null, '2024-06-13 09:36:55.236000', '0', null, '2024-06-13 09:36:55.236000', '50', '127.0.0.1', '本地测试', '查询单个数据字典的值', '{}', 'GET', '/zwz/dictData/getByType/permission_type', '管理员', '2', 'DICT_DATA-01', 'PC端 | Chrome 126.0.0.0 | Windows Windows 10 or Windows Server 2016');
INSERT INTO `a_log` VALUES ('1801066462379642880', null, '2024-06-13 09:38:01.652000', '0', null, '2024-06-13 09:38:01.652000', '185', '127.0.0.1', '本地测试', '查询个人门户菜单B', '{}', 'POST', '/zwz/myDoor/getMyDoorList6', '管理员', '2', 'MY-DOOR-02', 'PC端 | Chrome 126.0.0.0 | Windows Windows 10 or Windows Server 2016');
INSERT INTO `a_log` VALUES ('1801066485167296512', null, '2024-06-13 09:38:07.039000', '0', null, '2024-06-13 09:38:07.039000', '130', '127.0.0.1', '本地测试', '查询单个数据字典的值', '{}', 'GET', '/zwz/dictData/getByType/sex', '管理员', '2', 'DICT_DATA-01', 'PC端 | Chrome 126.0.0.0 | Windows Windows 10 or Windows Server 2016');
INSERT INTO `a_log` VALUES ('1801066583972515841', null, '2024-06-13 09:38:30.593000', '0', null, '2024-06-13 09:38:30.593000', '131', '127.0.0.1', '本地测试', '文件上传', '{}', 'POST', '/zwz/upload/file', '管理员', '2', 'FILE-06', 'PC端 | Chrome 126.0.0.0 | Windows Windows 10 or Windows Server 2016');
INSERT INTO `a_log` VALUES ('1801066604923064320', null, '2024-06-13 09:38:35.555000', '0', null, '2024-06-13 09:38:35.555000', '105', '127.0.0.1', '本地测试', '修改用户资料', '{\"id\":\"1464764315201572864\",\"updateBy\":\"admin\",\"updateTime\":\"2023-05-31 10:01:43\",\"createBy\":\"\",\"createTime\":\"2022-03-20 09:46:20\",\"delFlag\":\"0\",\"nickname\":\"管理员\",\"username\":\"admin\",\"password\":\"\",\"passStrength\":\"弱\",\"mobile\":\"17857054388\",\"departmentId\":\"1464487288363945985\",\"departmentTitle\":\"部门A\",\"email\":\"916077357@qq.com\",\"sex\":\"男\",\"address\":\"[\\\"330000\\\",\\\"330600\\\",\\\"330602\\\"]\",\"type\":\"1\",\"myDoor\":\"user-adminZWZ666department-adminZWZ666file-adminZWZ666role-manageZWZ666menu-manageZWZ666log-manage\",\"status\":\"0\",\"avatar\":\"http://127.0.0.1:8080/zwz/file/view/1801066583913795584\",\"defaultRole\":\"\",\"addressArray\":\"330000,330600,330602\",\"typeTxt\":\"管理员\"}', 'POST', '/zwz/user/edit', '管理员', '2', 'USER-05', 'PC端 | Chrome 126.0.0.0 | Windows Windows 10 or Windows Server 2016');
INSERT INTO `a_log` VALUES ('1801066620513292288', null, '2024-06-13 09:38:39.234000', '0', null, '2024-06-13 09:38:39.234000', '54', '127.0.0.1', '本地测试', '修改个人门户菜单', '{\"str\":\"\"}', 'POST', '/zwz/myDoor/setMyDoorList', '管理员', '2', 'MY-DOOR-03', 'PC端 | Chrome 126.0.0.0 | Windows Windows 10 or Windows Server 2016');
INSERT INTO `a_log` VALUES ('1801066623667408896', null, '2024-06-13 09:38:39.987000', '0', null, '2024-06-13 09:38:39.987000', '58', '127.0.0.1', '本地测试', '修改个人门户菜单', '{\"str\":\"\"}', 'POST', '/zwz/myDoor/setMyDoorList', '管理员', '2', 'MY-DOOR-03', 'PC端 | Chrome 126.0.0.0 | Windows Windows 10 or Windows Server 2016');
INSERT INTO `a_log` VALUES ('1801066641472229376', null, '2024-06-13 09:38:44.229000', '0', null, '2024-06-13 09:38:44.229000', '51', '127.0.0.1', '本地测试', '查询菜单', '{}', 'GET', '/zwz/permission/getMenuList', '管理员', '2', 'PERMISSION-02', 'PC端 | Chrome 126.0.0.0 | Windows Windows 10 or Windows Server 2016');
INSERT INTO `a_log` VALUES ('1801066642223009795', null, '2024-06-13 09:38:44.410000', '0', null, '2024-06-13 09:38:44.410000', '47', '127.0.0.1', '本地测试', '查询单个数据字典的值', '{}', 'GET', '/zwz/dictData/getByType/sex', '管理员', '2', 'DICT_DATA-01', 'PC端 | Chrome 126.0.0.0 | Windows Windows 10 or Windows Server 2016');
INSERT INTO `a_log` VALUES ('1801066655665754113', null, '2024-06-13 09:38:47.638000', '0', null, '2024-06-13 09:38:47.638000', '69', '127.0.0.1', '本地测试', '查询全部角色', '{}', 'GET', '/zwz/role/getAllList', '管理员', '2', 'ROLE-01', 'PC端 | Chrome 126.0.0.0 | Windows Windows 10 or Windows Server 2016');
INSERT INTO `a_log` VALUES ('1801066655682531328', null, '2024-06-13 09:38:47.709000', '0', null, '2024-06-13 09:38:47.709000', '142', '127.0.0.1', '本地测试', '查询单个数据字典的值', '{}', 'GET', '/zwz/dictData/getByType/sex', '管理员', '2', 'DICT_DATA-01', 'PC端 | Chrome 126.0.0.0 | Windows Windows 10 or Windows Server 2016');
INSERT INTO `a_log` VALUES ('1801066655707697152', null, '2024-06-13 09:38:47.713000', '0', null, '2024-06-13 09:38:47.713000', '144', '127.0.0.1', '本地测试', '查询子部门', '{}', 'GET', '/zwz/department/getByParentId', '管理员', '2', 'DEP-01', 'PC端 | Chrome 126.0.0.0 | Windows Windows 10 or Windows Server 2016');
INSERT INTO `a_log` VALUES ('1801066655732862977', null, '2024-06-13 09:38:47.723000', '0', null, '2024-06-13 09:38:47.723000', '146', '127.0.0.1', '本地测试', '查询子部门', '{}', 'GET', '/zwz/department/getByParentId', '管理员', '2', 'DEP-01', 'PC端 | Chrome 126.0.0.0 | Windows Windows 10 or Windows Server 2016');
INSERT INTO `a_log` VALUES ('1801066655762223104', null, '2024-06-13 09:38:47.713000', '0', null, '2024-06-13 09:38:47.713000', '143', '127.0.0.1', '本地测试', '查询用户', '{\"nickname\":\"\",\"departmentId\":\"\",\"pageNumber\":\"1\",\"pageSize\":\"20\",\"sort\":\"createTime\",\"order\":\"desc\"}', 'GET', '/zwz/user/getUserList', '管理员', '2', 'USER-07', 'PC端 | Chrome 126.0.0.0 | Windows Windows 10 or Windows Server 2016');
INSERT INTO `a_log` VALUES ('1801066714922881024', null, '2024-06-13 09:39:01.872000', '0', null, '2024-06-13 09:39:01.872000', '186', '127.0.0.1', '本地测试', '文件上传', '{}', 'POST', '/zwz/upload/file', '管理员', '2', 'FILE-06', 'PC端 | Chrome 126.0.0.0 | Windows Windows 10 or Windows Server 2016');
INSERT INTO `a_log` VALUES ('1801066718001500160', null, '2024-06-13 09:39:02.471000', '0', null, '2024-06-13 09:39:02.471000', '54', '127.0.0.1', '本地测试', '管理员修改资料', '{\"id\":\"1527830053524738048\",\"updateBy\":\"\",\"updateTime\":\"\",\"createBy\":\"admin\",\"createTime\":\"2022-05-21 09:54:05\",\"delFlag\":\"0\",\"nickname\":\"用户C\",\"username\":\"13600000003\",\"password\":\"\",\"passStrength\":\"弱\",\"mobile\":\"13600000003\",\"departmentId\":\"1464487288363945985\",\"departmentTitle\":\"部门A\",\"email\":\"13600000003@qq.com\",\"sex\":\"男\",\"address\":\"[\\\"110000\\\",\\\"110100\\\",\\\"110106\\\"]\",\"type\":\"0\",\"myDoor\":\"\",\"status\":\"0\",\"avatar\":\"http://127.0.0.1:8080/zwz/file/view/1801066714872549376\",\"defaultRole\":\"\",\"_index\":\"0\",\"_rowKey\":\"1\",\"addressArray\":\"110000,110100,110106\",\"roleIds\":\"1536606659751841795\"}', 'POST', '/zwz/user/admin/edit', '管理员', '2', 'USER-11', 'PC端 | Chrome 126.0.0.0 | Windows Windows 10 or Windows Server 2016');
INSERT INTO `a_log` VALUES ('1801066719729553408', null, '2024-06-13 09:39:02.894000', '0', null, '2024-06-13 09:39:02.894000', '76', '127.0.0.1', '本地测试', '查询用户', '{\"nickname\":\"\",\"departmentId\":\"\",\"pageNumber\":\"1\",\"pageSize\":\"20\",\"sort\":\"createTime\",\"order\":\"desc\"}', 'GET', '/zwz/user/getUserList', '管理员', '2', 'USER-07', 'PC端 | Chrome 126.0.0.0 | Windows Windows 10 or Windows Server 2016');
INSERT INTO `a_log` VALUES ('1801066741795786752', null, '2024-06-13 09:39:08.218000', '0', null, '2024-06-13 09:39:08.218000', '126', '127.0.0.1', '本地测试', '文件上传', '{}', 'POST', '/zwz/upload/file', '管理员', '2', 'FILE-06', 'PC端 | Chrome 126.0.0.0 | Windows Windows 10 or Windows Server 2016');
INSERT INTO `a_log` VALUES ('1801066746069782528', null, '2024-06-13 09:39:09.247000', '0', null, '2024-06-13 09:39:09.247000', '142', '127.0.0.1', '本地测试', '管理员修改资料', '{\"id\":\"1464772465946398721\",\"updateBy\":\"admin\",\"updateTime\":\"2022-05-21 09:53:33\",\"createBy\":\"\",\"createTime\":\"2022-03-20 09:46:20\",\"delFlag\":\"0\",\"nickname\":\"用户B\",\"username\":\"13600000002\",\"password\":\"\",\"passStrength\":\"弱\",\"mobile\":\"13600000002\",\"departmentId\":\"1464487288363945985\",\"departmentTitle\":\"部门A\",\"email\":\"13600000002@qq.com\",\"sex\":\"女\",\"address\":\"[\\\"110000\\\",\\\"110100\\\",\\\"110105\\\"]\",\"type\":\"0\",\"myDoor\":\"\",\"status\":\"0\",\"avatar\":\"http://127.0.0.1:8080/zwz/file/view/1801066741741260800\",\"defaultRole\":\"\",\"_index\":\"3\",\"_rowKey\":\"8\",\"addressArray\":\"110000,110100,110105\",\"roleIds\":\"1536606659751841795\"}', 'POST', '/zwz/user/admin/edit', '管理员', '2', 'USER-11', 'PC端 | Chrome 126.0.0.0 | Windows Windows 10 or Windows Server 2016');
INSERT INTO `a_log` VALUES ('1801066747193856000', null, '2024-06-13 09:39:09.433000', '0', null, '2024-06-13 09:39:09.433000', '64', '127.0.0.1', '本地测试', '查询用户', '{\"nickname\":\"\",\"departmentId\":\"\",\"pageNumber\":\"1\",\"pageSize\":\"20\",\"sort\":\"createTime\",\"order\":\"desc\"}', 'GET', '/zwz/user/getUserList', '管理员', '2', 'USER-07', 'PC端 | Chrome 126.0.0.0 | Windows Windows 10 or Windows Server 2016');
INSERT INTO `a_log` VALUES ('1801066762893135872', null, '2024-06-13 09:39:13.178000', '0', null, '2024-06-13 09:39:13.178000', '53', '127.0.0.1', '本地测试', '文件上传', '{}', 'POST', '/zwz/upload/file', '管理员', '2', 'FILE-06', 'PC端 | Chrome 126.0.0.0 | Windows Windows 10 or Windows Server 2016');
INSERT INTO `a_log` VALUES ('1801066766567346176', null, '2024-06-13 09:39:14.123000', '0', null, '2024-06-13 09:39:14.123000', '132', '127.0.0.1', '本地测试', '管理员修改资料', '{\"id\":\"1464764315201572865\",\"updateBy\":\"admin\",\"updateTime\":\"2022-05-21 09:11:48\",\"createBy\":\"\",\"createTime\":\"2022-03-20 09:46:20\",\"delFlag\":\"0\",\"nickname\":\"用户A\",\"username\":\"13600000001\",\"password\":\"\",\"passStrength\":\"弱\",\"mobile\":\"13600000001\",\"departmentId\":\"1464487288363945985\",\"departmentTitle\":\"部门A\",\"email\":\"13600000001@qq.com\",\"sex\":\"女\",\"address\":\"[\\\"110000\\\",\\\"110100\\\",\\\"110105\\\"]\",\"type\":\"0\",\"myDoor\":\"\",\"status\":\"0\",\"avatar\":\"http://127.0.0.1:8080/zwz/file/view/1801066762851192832\",\"defaultRole\":\"\",\"_index\":\"2\",\"_rowKey\":\"11\",\"addressArray\":\"110000,110100,110105\",\"roleIds\":\"1536606659751841795\"}', 'POST', '/zwz/user/admin/edit', '管理员', '2', 'USER-11', 'PC端 | Chrome 126.0.0.0 | Windows Windows 10 or Windows Server 2016');
INSERT INTO `a_log` VALUES ('1801066767645282304', null, '2024-06-13 09:39:14.310000', '0', null, '2024-06-13 09:39:14.310000', '61', '127.0.0.1', '本地测试', '查询用户', '{\"nickname\":\"\",\"departmentId\":\"\",\"pageNumber\":\"1\",\"pageSize\":\"20\",\"sort\":\"createTime\",\"order\":\"desc\"}', 'GET', '/zwz/user/getUserList', '管理员', '2', 'USER-07', 'PC端 | Chrome 126.0.0.0 | Windows Windows 10 or Windows Server 2016');
INSERT INTO `a_log` VALUES ('1801066785873727488', null, '2024-06-13 09:39:18.660000', '0', null, '2024-06-13 09:39:18.660000', '55', '127.0.0.1', '本地测试', '查询菜单', '{}', 'GET', '/zwz/permission/getMenuList', '管理员', '2', 'PERMISSION-02', 'PC端 | Chrome 126.0.0.0 | Windows Windows 10 or Windows Server 2016');
INSERT INTO `a_log` VALUES ('1801066787132018688', null, '2024-06-13 09:39:19.000000', '0', null, '2024-06-13 09:39:19.000000', '91', '127.0.0.1', '本地测试', '查询子部门', '{}', 'GET', '/zwz/department/getByParentId', '管理员', '2', 'DEP-01', 'PC端 | Chrome 126.0.0.0 | Windows Windows 10 or Windows Server 2016');
INSERT INTO `a_log` VALUES ('1801066787530477568', null, '2024-06-13 09:39:19.054000', '0', null, '2024-06-13 09:39:19.054000', '48', '127.0.0.1', '本地测试', '查询全部角色', '{}', 'GET', '/zwz/role/getAllList', '管理员', '2', 'ROLE-01', 'PC端 | Chrome 126.0.0.0 | Windows Windows 10 or Windows Server 2016');
INSERT INTO `a_log` VALUES ('1801066787543060480', null, '2024-06-13 09:39:19.172000', '0', null, '2024-06-13 09:39:19.172000', '166', '127.0.0.1', '本地测试', '查询单个数据字典的值', '{}', 'GET', '/zwz/dictData/getByType/sex', '管理员', '2', 'DICT_DATA-01', 'PC端 | Chrome 126.0.0.0 | Windows Windows 10 or Windows Server 2016');
INSERT INTO `a_log` VALUES ('1801066787555643392', null, '2024-06-13 09:39:19.151000', '0', null, '2024-06-13 09:39:19.151000', '145', '127.0.0.1', '本地测试', '查询子部门', '{}', 'GET', '/zwz/department/getByParentId', '管理员', '2', 'DEP-01', 'PC端 | Chrome 126.0.0.0 | Windows Windows 10 or Windows Server 2016');
INSERT INTO `a_log` VALUES ('1801066787979268096', null, '2024-06-13 09:39:19.163000', '0', null, '2024-06-13 09:39:19.163000', '69', '127.0.0.1', '本地测试', '查询用户', '{\"nickname\":\"\",\"departmentId\":\"\",\"pageNumber\":\"1\",\"pageSize\":\"20\",\"sort\":\"createTime\",\"order\":\"desc\"}', 'GET', '/zwz/user/getUserList', '管理员', '2', 'USER-07', 'PC端 | Chrome 126.0.0.0 | Windows Windows 10 or Windows Server 2016');
INSERT INTO `a_log` VALUES ('1801067331972108288', null, '2024-06-13 09:41:29.038000', '0', null, '2024-06-13 09:41:29.038000', '236', '127.0.0.1', '本地测试', '查询子部门', '{}', 'GET', '/zwz/department/getByParentId', '管理员', '2', 'DEP-01', 'PC端 | Chrome 126.0.0.0 | Windows Windows 10 or Windows Server 2016');
INSERT INTO `a_log` VALUES ('1801067332588670976', null, '2024-06-13 09:41:29.071000', '0', null, '2024-06-13 09:41:29.071000', '121', '127.0.0.1', '本地测试', '查询子部门', '{}', 'GET', '/zwz/department/getByParentId', '管理员', '2', 'DEP-01', 'PC端 | Chrome 126.0.0.0 | Windows Windows 10 or Windows Server 2016');
INSERT INTO `a_log` VALUES ('1801067333251371008', null, '2024-06-13 09:41:29.155000', '0', null, '2024-06-13 09:41:29.155000', '45', '127.0.0.1', '本地测试', '查询用户', '{\"pageNumber\":\"1\",\"pageSize\":\"10\",\"sort\":\"createTime\",\"order\":\"desc\",\"departmentId\":\"\"}', 'GET', '/zwz/myUser/getByPage', '管理员', '2', 'USER-01', 'PC端 | Chrome 126.0.0.0 | Windows Windows 10 or Windows Server 2016');
INSERT INTO `a_log` VALUES ('1801067339962257408', null, '2024-06-13 09:41:30.754000', '0', null, '2024-06-13 09:41:30.754000', '51', '127.0.0.1', '本地测试', '查询角色', '{\"pageNumber\":\"1\",\"pageSize\":\"15\",\"sort\":\"createTime\",\"order\":\"desc\"}', 'GET', '/zwz/role/getAllByPage', '管理员', '2', 'ROLE-02', 'PC端 | Chrome 126.0.0.0 | Windows Windows 10 or Windows Server 2016');
INSERT INTO `a_log` VALUES ('1801067344940896256', null, '2024-06-13 09:41:31.950000', '0', null, '2024-06-13 09:41:31.950000', '72', '127.0.0.1', '本地测试', '查询系统文件', '{\"name\":\"\",\"fkey\":\"\",\"type\":\"\",\"pageNumber\":\"1\",\"pageSize\":\"15\",\"sort\":\"createTime\",\"order\":\"desc\",\"startDate\":\"\",\"endDate\":\"\"}', 'GET', '/zwz/file/getByCondition', '管理员', '2', 'FILE-01', 'PC端 | Chrome 126.0.0.0 | Windows Windows 10 or Windows Server 2016');
INSERT INTO `a_log` VALUES ('1801067345498738688', null, '2024-06-13 09:41:32.089000', '0', null, '2024-06-13 09:41:32.089000', '56', '127.0.0.1', '本地测试', '查看单个配置', '{\"id\":\"FILE_PATH\"}', 'GET', '/zwz/setting/getOne', '管理员', '2', 'SETTING-01', 'PC端 | Chrome 126.0.0.0 | Windows Windows 10 or Windows Server 2016');
INSERT INTO `a_log` VALUES ('1801067346115301376', null, '2024-06-13 09:41:32.226000', '0', null, '2024-06-13 09:41:32.226000', '41', '127.0.0.1', '本地测试', '查看单个配置', '{\"id\":\"FILE_HTTP\"}', 'GET', '/zwz/setting/getOne', '管理员', '2', 'SETTING-01', 'PC端 | Chrome 126.0.0.0 | Windows Windows 10 or Windows Server 2016');
INSERT INTO `a_log` VALUES ('1801067346136272896', null, '2024-06-13 09:41:32.240000', '0', null, '2024-06-13 09:41:32.240000', '51', '127.0.0.1', '本地测试', '查看单个配置', '{\"id\":\"FILE_VIEW\"}', 'GET', '/zwz/setting/getOne', '管理员', '2', 'SETTING-01', 'PC端 | Chrome 126.0.0.0 | Windows Windows 10 or Windows Server 2016');
INSERT INTO `a_log` VALUES ('1801067348476694528', null, '2024-06-13 09:41:32.838000', '0', null, '2024-06-13 09:41:32.838000', '99', '127.0.0.1', '本地测试', '查询单个数据字典的值', '{}', 'GET', '/zwz/dictData/getByType/permission_type', '管理员', '2', 'DICT_DATA-01', 'PC端 | Chrome 126.0.0.0 | Windows Windows 10 or Windows Server 2016');
INSERT INTO `a_log` VALUES ('1801067351282683904', null, '2024-06-13 09:41:33.483000', '0', null, '2024-06-13 09:41:33.483000', '85', '127.0.0.1', '本地测试', '查询角色', '{\"pageNumber\":\"1\",\"pageSize\":\"15\",\"sort\":\"createTime\",\"order\":\"desc\"}', 'GET', '/zwz/role/getAllByPage', '管理员', '2', 'ROLE-02', 'PC端 | Chrome 126.0.0.0 | Windows Windows 10 or Windows Server 2016');
INSERT INTO `a_log` VALUES ('1801067357154709504', null, '2024-06-13 09:41:34.857000', '0', null, '2024-06-13 09:41:34.857000', '44', '127.0.0.1', '本地测试', '查询单个数据字典的值', '{}', 'GET', '/zwz/dictData/getByType/permission_type', '管理员', '2', 'DICT_DATA-01', 'PC端 | Chrome 126.0.0.0 | Windows Windows 10 or Windows Server 2016');
INSERT INTO `a_log` VALUES ('1801067603624595456', null, '2024-06-13 09:42:33.683000', '0', null, '2024-06-13 09:42:33.683000', '112', '127.0.0.1', '本地测试', '查询菜单', '{}', 'GET', '/zwz/permission/getMenuList', '管理员', '2', 'PERMISSION-02', 'PC端 | Chrome 126.0.0.0 | Windows Windows 10 or Windows Server 2016');
INSERT INTO `a_log` VALUES ('1801067605474283520', null, '2024-06-13 09:42:34.055000', '0', null, '2024-06-13 09:42:34.055000', '37', '127.0.0.1', '本地测试', '查询单个数据字典的值', '{}', 'GET', '/zwz/dictData/getByType/permission_type', '管理员', '2', 'DICT_DATA-01', 'PC端 | Chrome 126.0.0.0 | Windows Windows 10 or Windows Server 2016');
INSERT INTO `a_log` VALUES ('1801067621739794432', null, '2024-06-13 09:42:38.018000', '0', null, '2024-06-13 09:42:38.018000', '124', '127.0.0.1', '本地测试', '查询个人门户菜单B', '{}', 'POST', '/zwz/myDoor/getMyDoorList6', '管理员', '2', 'MY-DOOR-02', 'PC端 | Chrome 126.0.0.0 | Windows Windows 10 or Windows Server 2016');
INSERT INTO `a_log` VALUES ('1801067644946878464', null, '2024-06-13 09:42:43.555000', '0', null, '2024-06-13 09:42:43.555000', '132', '127.0.0.1', '本地测试', '查询菜单', '{}', 'GET', '/zwz/permission/getMenuList', '管理员', '2', 'PERMISSION-02', 'PC端 | Chrome 126.0.0.0 | Windows Windows 10 or Windows Server 2016');
INSERT INTO `a_log` VALUES ('1801067645324365824', null, '2024-06-13 09:42:43.646000', '0', null, '2024-06-13 09:42:43.646000', '130', '127.0.0.1', '本地测试', '查询个人门户菜单B', '{}', 'POST', '/zwz/myDoor/getMyDoorList6', '管理员', '2', 'MY-DOOR-02', 'PC端 | Chrome 126.0.0.0 | Windows Windows 10 or Windows Server 2016');
INSERT INTO `a_log` VALUES ('1801067845610770438', null, '2024-06-13 09:43:31.432000', '0', null, '2024-06-13 09:43:31.432000', '160', '127.0.0.1', '本地测试', '查询单个数据字典的值', '{}', 'GET', '/zwz/dictData/getByType/permission_type', '管理员', '2', 'DICT_DATA-01', 'PC端 | Chrome 126.0.0.0 | Windows Windows 10 or Windows Server 2016');
INSERT INTO `a_log` VALUES ('1801067860169199616', null, '2024-06-13 09:43:34.806000', '0', null, '2024-06-13 09:43:34.806000', '70', '127.0.0.1', '本地测试', '查询菜单', '{}', 'GET', '/zwz/permission/getMenuList', '管理员', '2', 'PERMISSION-02', 'PC端 | Chrome 126.0.0.0 | Windows Windows 10 or Windows Server 2016');
INSERT INTO `a_log` VALUES ('1801067861310050304', null, '2024-06-13 09:43:35.070000', '0', null, '2024-06-13 09:43:35.070000', '64', '127.0.0.1', '本地测试', '查询个人门户菜单B', '{}', 'POST', '/zwz/myDoor/getMyDoorList6', '管理员', '2', 'MY-DOOR-02', 'PC端 | Chrome 126.0.0.0 | Windows Windows 10 or Windows Server 2016');
INSERT INTO `a_log` VALUES ('1801068182417575936', null, '2024-06-13 09:44:51.751000', '0', null, '2024-06-13 09:44:51.751000', '187', '127.0.0.1', '本地测试', '登录系统', '{\"username\":\"admin\",\"password\":\"\",\"code\":\"2772\",\"captchaId\":\"3bccc1c77c4743c392f6b208e61ba126\",\"saveLogin\":\"true\"}', 'POST', '/zwz/login', '管理员', '1', '', 'PC端 | Chrome 126.0.0.0 | Windows Windows 10 or Windows Server 2016');
INSERT INTO `a_log` VALUES ('1801068182912503808', null, '2024-06-13 09:44:51.811000', '0', null, '2024-06-13 09:44:51.811000', '121', '127.0.0.1', '本地测试', '获取当前登录用户', '{}', 'GET', '/zwz/user/info', '管理员', '2', 'USER-02', 'PC端 | Chrome 126.0.0.0 | Windows Windows 10 or Windows Server 2016');
INSERT INTO `a_log` VALUES ('1801068183768141824', null, '2024-06-13 09:44:51.943000', '0', null, '2024-06-13 09:44:51.943000', '51', '127.0.0.1', '本地测试', '查询菜单', '{}', 'GET', '/zwz/permission/getMenuList', '管理员', '2', 'PERMISSION-02', 'PC端 | Chrome 126.0.0.0 | Windows Windows 10 or Windows Server 2016');
INSERT INTO `a_log` VALUES ('1801068214634024960', null, '2024-06-13 09:44:59.384000', '0', null, '2024-06-13 09:44:59.384000', '137', '127.0.0.1', '本地测试', '查询菜单', '{}', 'GET', '/zwz/permission/getMenuList', '管理员', '2', 'PERMISSION-02', 'PC端 | Chrome 126.0.0.0 | Windows Windows 10 or Windows Server 2016');
INSERT INTO `a_log` VALUES ('1801068215418359808', null, '2024-06-13 09:44:59.489000', '0', null, '2024-06-13 09:44:59.489000', '57', '127.0.0.1', '本地测试', '查询个人门户菜单B', '{}', 'POST', '/zwz/myDoor/getMyDoorList6', '管理员', '2', 'MY-DOOR-02', 'PC端 | Chrome 126.0.0.0 | Windows Windows 10 or Windows Server 2016');
INSERT INTO `a_log` VALUES ('1801068885475201024', null, '2024-06-13 09:47:39.342000', '0', null, '2024-06-13 09:47:39.342000', '153', '127.0.0.1', '本地测试', '查询菜单', '{}', 'GET', '/zwz/permission/getMenuList', '管理员', '2', 'PERMISSION-02', 'PC端 | Chrome 126.0.0.0 | Windows Windows 10 or Windows Server 2016');
INSERT INTO `a_log` VALUES ('1801068886460862464', null, '2024-06-13 09:47:39.475000', '0', null, '2024-06-13 09:47:39.475000', '51', '127.0.0.1', '本地测试', '查询个人门户菜单B', '{}', 'POST', '/zwz/myDoor/getMyDoorList6', '管理员', '2', 'MY-DOOR-02', 'PC端 | Chrome 126.0.0.0 | Windows Windows 10 or Windows Server 2016');
INSERT INTO `a_log` VALUES ('1801070578388570112', null, '2024-06-13 09:54:23.574000', '0', null, '2024-06-13 09:54:23.574000', '699', '127.0.0.1', '本地测试', '查询个人门户菜单B', '{}', 'POST', '/zwz/myDoor/getMyDoorList6', '管理员', '2', 'MY-DOOR-02', 'PC端 | Chrome 126.0.0.0 | Windows Windows 10 or Windows Server 2016');
INSERT INTO `a_log` VALUES ('1801070578388570113', null, '2024-06-13 09:54:23.574000', '0', null, '2024-06-13 09:54:23.574000', '671', '127.0.0.1', '本地测试', '查询菜单', '{}', 'GET', '/zwz/permission/getMenuList', '管理员', '2', 'PERMISSION-02', 'PC端 | Chrome 126.0.0.0 | Windows Windows 10 or Windows Server 2016');
INSERT INTO `a_log` VALUES ('1801070586512936960', null, '2024-06-13 09:54:24.831000', '0', null, '2024-06-13 09:54:24.831000', '95', '127.0.0.1', '本地测试', '查询菜单', '{}', 'GET', '/zwz/permission/getMenuList', '管理员', '2', 'PERMISSION-02', 'PC端 | Chrome 126.0.0.0 | Windows Windows 10 or Windows Server 2016');
INSERT INTO `a_log` VALUES ('1801070587381157888', null, '2024-06-13 09:54:25.024000', '0', null, '2024-06-13 09:54:25.024000', '100', '127.0.0.1', '本地测试', '查询个人门户菜单B', '{}', 'POST', '/zwz/myDoor/getMyDoorList6', '管理员', '2', 'MY-DOOR-02', 'PC端 | Chrome 126.0.0.0 | Windows Windows 10 or Windows Server 2016');
INSERT INTO `a_log` VALUES ('1801070596520546304', null, '2024-06-13 09:54:27.203000', '0', null, '2024-06-13 09:54:27.203000', '76', '127.0.0.1', '本地测试', '查询单个数据字典的值', '{}', 'GET', '/zwz/dictData/getByType/sex', '管理员', '2', 'DICT_DATA-01', 'PC端 | Chrome 126.0.0.0 | Windows Windows 10 or Windows Server 2016');
INSERT INTO `a_log` VALUES ('1801070596642181120', null, '2024-06-13 09:54:27.219000', '0', null, '2024-06-13 09:54:27.219000', '90', '127.0.0.1', '本地测试', '查询子部门', '{}', 'GET', '/zwz/department/getByParentId', '管理员', '2', 'DEP-01', 'PC端 | Chrome 126.0.0.0 | Windows Windows 10 or Windows Server 2016');
INSERT INTO `a_log` VALUES ('1801070596642181121', null, '2024-06-13 09:54:27.218000', '0', null, '2024-06-13 09:54:27.218000', '47', '127.0.0.1', '本地测试', '查询全部角色', '{}', 'GET', '/zwz/role/getAllList', '管理员', '2', 'ROLE-01', 'PC端 | Chrome 126.0.0.0 | Windows Windows 10 or Windows Server 2016');
INSERT INTO `a_log` VALUES ('1801070596709289984', null, '2024-06-13 09:54:27.313000', '0', null, '2024-06-13 09:54:27.313000', '145', '127.0.0.1', '本地测试', '查询子部门', '{}', 'GET', '/zwz/department/getByParentId', '管理员', '2', 'DEP-01', 'PC端 | Chrome 126.0.0.0 | Windows Windows 10 or Windows Server 2016');
INSERT INTO `a_log` VALUES ('1801070598181490688', null, '2024-06-13 09:54:27.582000', '0', null, '2024-06-13 09:54:27.582000', '146', '127.0.0.1', '本地测试', '查询用户', '{\"nickname\":\"\",\"departmentId\":\"\",\"pageNumber\":\"1\",\"pageSize\":\"20\",\"sort\":\"createTime\",\"order\":\"desc\"}', 'GET', '/zwz/user/getUserList', '管理员', '2', 'USER-07', 'PC端 | Chrome 126.0.0.0 | Windows Windows 10 or Windows Server 2016');
INSERT INTO `a_log` VALUES ('1801070602237382656', null, '2024-06-13 09:54:28.558000', '0', null, '2024-06-13 09:54:28.558000', '76', '127.0.0.1', '本地测试', '查询子部门', '{}', 'GET', '/zwz/department/getByParentId', '管理员', '2', 'DEP-01', 'PC端 | Chrome 126.0.0.0 | Windows Windows 10 or Windows Server 2016');
INSERT INTO `a_log` VALUES ('1801070603495673856', null, '2024-06-13 09:54:28.905000', '0', null, '2024-06-13 09:54:28.905000', '114', '127.0.0.1', '本地测试', '查询子部门', '{}', 'GET', '/zwz/department/getByParentId', '管理员', '2', 'DEP-01', 'PC端 | Chrome 126.0.0.0 | Windows Windows 10 or Windows Server 2016');
INSERT INTO `a_log` VALUES ('1801070603495673857', null, '2024-06-13 09:54:28.906000', '0', null, '2024-06-13 09:54:28.906000', '115', '127.0.0.1', '本地测试', '查询用户', '{\"pageNumber\":\"1\",\"pageSize\":\"10\",\"sort\":\"createTime\",\"order\":\"desc\",\"departmentId\":\"\"}', 'GET', '/zwz/myUser/getByPage', '管理员', '2', 'USER-01', 'PC端 | Chrome 126.0.0.0 | Windows Windows 10 or Windows Server 2016');
INSERT INTO `a_log` VALUES ('1801070608105213952', null, '2024-06-13 09:54:29.967000', '0', null, '2024-06-13 09:54:29.967000', '102', '127.0.0.1', '本地测试', '查询角色', '{\"pageNumber\":\"1\",\"pageSize\":\"15\",\"sort\":\"createTime\",\"order\":\"desc\"}', 'GET', '/zwz/role/getAllByPage', '管理员', '2', 'ROLE-02', 'PC端 | Chrome 126.0.0.0 | Windows Windows 10 or Windows Server 2016');
INSERT INTO `a_log` VALUES ('1801070609707438080', null, '2024-06-13 09:54:30.336000', '0', null, '2024-06-13 09:54:30.336000', '232', '127.0.0.1', '本地测试', '查询全部菜单', '{}', 'GET', '/zwz/permission/getAllList', '管理员', '2', 'PERMISSION-04', 'PC端 | Chrome 126.0.0.0 | Windows Windows 10 or Windows Server 2016');
INSERT INTO `a_log` VALUES ('1801070610055565312', null, '2024-06-13 09:54:30.414000', '0', null, '2024-06-13 09:54:30.414000', '94', '127.0.0.1', '本地测试', '查询系统文件', '{\"name\":\"\",\"fkey\":\"\",\"type\":\"\",\"pageNumber\":\"1\",\"pageSize\":\"15\",\"sort\":\"createTime\",\"order\":\"desc\",\"startDate\":\"\",\"endDate\":\"\"}', 'GET', '/zwz/file/getByCondition', '管理员', '2', 'FILE-01', 'PC端 | Chrome 126.0.0.0 | Windows Windows 10 or Windows Server 2016');
INSERT INTO `a_log` VALUES ('1801070610298834944', null, '2024-06-13 09:54:30.473000', '0', null, '2024-06-13 09:54:30.473000', '49', '127.0.0.1', '本地测试', '查看单个配置', '{\"id\":\"FILE_PATH\"}', 'GET', '/zwz/setting/getOne', '管理员', '2', 'SETTING-01', 'PC端 | Chrome 126.0.0.0 | Windows Windows 10 or Windows Server 2016');
INSERT INTO `a_log` VALUES ('1801070611167055872', null, '2024-06-13 09:54:30.697000', '0', null, '2024-06-13 09:54:30.697000', '64', '127.0.0.1', '本地测试', '查看单个配置', '{\"id\":\"FILE_HTTP\"}', 'GET', '/zwz/setting/getOne', '管理员', '2', 'SETTING-01', 'PC端 | Chrome 126.0.0.0 | Windows Windows 10 or Windows Server 2016');
INSERT INTO `a_log` VALUES ('1801070611167055873', null, '2024-06-13 09:54:30.697000', '0', null, '2024-06-13 09:54:30.697000', '63', '127.0.0.1', '本地测试', '查看单个配置', '{\"id\":\"FILE_VIEW\"}', 'GET', '/zwz/setting/getOne', '管理员', '2', 'SETTING-01', 'PC端 | Chrome 126.0.0.0 | Windows Windows 10 or Windows Server 2016');
INSERT INTO `a_log` VALUES ('1801070613683638272', null, '2024-06-13 09:54:31.282000', '0', null, '2024-06-13 09:54:31.282000', '57', '127.0.0.1', '本地测试', '查询单个数据字典的值', '{}', 'GET', '/zwz/dictData/getByType/permission_type', '管理员', '2', 'DICT_DATA-01', 'PC端 | Chrome 126.0.0.0 | Windows Windows 10 or Windows Server 2016');
INSERT INTO `a_log` VALUES ('1801070963681529856', null, '2024-06-13 09:55:55.328000', '0', null, '2024-06-13 09:55:55.328000', '584', '127.0.0.1', '本地测试', '查询菜单', '{}', 'GET', '/zwz/permission/getMenuList', '管理员', '2', 'PERMISSION-02', 'PC端 | Chrome 126.0.0.0 | Windows Windows 10 or Windows Server 2016');
INSERT INTO `a_log` VALUES ('1801070967955525632', null, '2024-06-13 09:55:55.752000', '0', null, '2024-06-13 09:55:55.752000', '96', '127.0.0.1', '本地测试', '查询单个数据字典的值', '{}', 'GET', '/zwz/dictData/getByType/permission_type', '管理员', '2', 'DICT_DATA-01', 'PC端 | Chrome 126.0.0.0 | Windows Windows 10 or Windows Server 2016');
INSERT INTO `a_log` VALUES ('1801070972749615104', null, '2024-06-13 09:55:56.909000', '0', null, '2024-06-13 09:55:56.909000', '74', '127.0.0.1', '本地测试', '查看单个配置', '{\"id\":\"FILE_PATH\"}', 'GET', '/zwz/setting/getOne', '管理员', '2', 'SETTING-01', 'PC端 | Chrome 126.0.0.0 | Windows Windows 10 or Windows Server 2016');
INSERT INTO `a_log` VALUES ('1801070973131296768', null, '2024-06-13 09:55:56.984000', '0', null, '2024-06-13 09:55:56.984000', '60', '127.0.0.1', '本地测试', '查看单个配置', '{\"id\":\"FILE_HTTP\"}', 'GET', '/zwz/setting/getOne', '管理员', '2', 'SETTING-01', 'PC端 | Chrome 126.0.0.0 | Windows Windows 10 or Windows Server 2016');
INSERT INTO `a_log` VALUES ('1801070973622030336', null, '2024-06-13 09:55:57.113000', '0', null, '2024-06-13 09:55:57.113000', '258', '127.0.0.1', '本地测试', '查询系统文件', '{\"name\":\"\",\"fkey\":\"\",\"type\":\"\",\"pageNumber\":\"1\",\"pageSize\":\"15\",\"sort\":\"createTime\",\"order\":\"desc\",\"startDate\":\"\",\"endDate\":\"\"}', 'GET', '/zwz/file/getByCondition', '管理员', '2', 'FILE-01', 'PC端 | Chrome 126.0.0.0 | Windows Windows 10 or Windows Server 2016');
INSERT INTO `a_log` VALUES ('1801070974146318336', null, '2024-06-13 09:55:57.240000', '0', null, '2024-06-13 09:55:57.240000', '77', '127.0.0.1', '本地测试', '查看单个配置', '{\"id\":\"FILE_VIEW\"}', 'GET', '/zwz/setting/getOne', '管理员', '2', 'SETTING-01', 'PC端 | Chrome 126.0.0.0 | Windows Windows 10 or Windows Server 2016');
INSERT INTO `a_log` VALUES ('1801070977468207104', null, '2024-06-13 09:55:58.029000', '0', null, '2024-06-13 09:55:58.029000', '107', '127.0.0.1', '本地测试', '查询子部门', '{}', 'GET', '/zwz/department/getByParentId', '管理员', '2', 'DEP-01', 'PC端 | Chrome 126.0.0.0 | Windows Windows 10 or Windows Server 2016');
INSERT INTO `a_log` VALUES ('1801070977472401408', null, '2024-06-13 09:55:58.116000', '0', null, '2024-06-13 09:55:58.116000', '192', '127.0.0.1', '本地测试', '查询子部门', '{}', 'GET', '/zwz/department/getByParentId', '管理员', '2', 'DEP-01', 'PC端 | Chrome 126.0.0.0 | Windows Windows 10 or Windows Server 2016');
INSERT INTO `a_log` VALUES ('1801070978709721088', null, '2024-06-13 09:55:58.313000', '0', null, '2024-06-13 09:55:58.313000', '81', '127.0.0.1', '本地测试', '查询用户', '{\"pageNumber\":\"1\",\"pageSize\":\"10\",\"sort\":\"createTime\",\"order\":\"desc\",\"departmentId\":\"\"}', 'GET', '/zwz/myUser/getByPage', '管理员', '2', 'USER-01', 'PC端 | Chrome 126.0.0.0 | Windows Windows 10 or Windows Server 2016');
INSERT INTO `a_log` VALUES ('1801070981079502848', null, '2024-06-13 09:55:58.905000', '0', null, '2024-06-13 09:55:58.905000', '88', '127.0.0.1', '本地测试', '查询单个数据字典的值', '{}', 'GET', '/zwz/dictData/getByType/sex', '管理员', '2', 'DICT_DATA-01', 'PC端 | Chrome 126.0.0.0 | Windows Windows 10 or Windows Server 2016');
INSERT INTO `a_log` VALUES ('1801070981100474368', null, '2024-06-13 09:55:58.902000', '0', null, '2024-06-13 09:55:58.902000', '88', '127.0.0.1', '本地测试', '查询子部门', '{}', 'GET', '/zwz/department/getByParentId', '管理员', '2', 'DEP-01', 'PC端 | Chrome 126.0.0.0 | Windows Windows 10 or Windows Server 2016');
INSERT INTO `a_log` VALUES ('1801070981100474369', null, '2024-06-13 09:55:58.967000', '0', null, '2024-06-13 09:55:58.967000', '153', '127.0.0.1', '本地测试', '查询子部门', '{}', 'GET', '/zwz/department/getByParentId', '管理员', '2', 'DEP-01', 'PC端 | Chrome 126.0.0.0 | Windows Windows 10 or Windows Server 2016');
INSERT INTO `a_log` VALUES ('1801070982312628224', null, '2024-06-13 09:55:59.184000', '0', null, '2024-06-13 09:55:59.184000', '66', '127.0.0.1', '本地测试', '查询全部角色', '{}', 'GET', '/zwz/role/getAllList', '管理员', '2', 'ROLE-01', 'PC端 | Chrome 126.0.0.0 | Windows Windows 10 or Windows Server 2016');
INSERT INTO `a_log` VALUES ('1801070982472011776', null, '2024-06-13 09:55:59.212000', '0', null, '2024-06-13 09:55:59.212000', '91', '127.0.0.1', '本地测试', '查询用户', '{\"nickname\":\"\",\"departmentId\":\"\",\"pageNumber\":\"1\",\"pageSize\":\"20\",\"sort\":\"createTime\",\"order\":\"desc\"}', 'GET', '/zwz/user/getUserList', '管理员', '2', 'USER-07', 'PC端 | Chrome 126.0.0.0 | Windows Windows 10 or Windows Server 2016');
INSERT INTO `a_log` VALUES ('1801073144660889600', null, '2024-06-13 10:04:35.328000', '0', null, '2024-06-13 10:04:35.328000', '611', '127.0.0.1', '本地测试', '查询个人门户菜单B', '{}', 'POST', '/zwz/myDoor/getMyDoorList6', '管理员', '2', 'MY-DOOR-02', 'PC端 | Chrome 126.0.0.0 | Windows Windows 10 or Windows Server 2016');
INSERT INTO `a_log` VALUES ('1801073144660889601', null, '2024-06-13 10:04:35.328000', '0', null, '2024-06-13 10:04:35.328000', '604', '127.0.0.1', '本地测试', '查询菜单', '{}', 'GET', '/zwz/permission/getMenuList', '管理员', '2', 'PERMISSION-02', 'PC端 | Chrome 126.0.0.0 | Windows Windows 10 or Windows Server 2016');
INSERT INTO `a_log` VALUES ('1801073169939959808', null, '2024-06-13 10:04:40.817000', '0', null, '2024-06-13 10:04:40.817000', '155', '127.0.0.1', '本地测试', '查询子部门', '{}', 'GET', '/zwz/department/getByParentId', '管理员', '2', 'DEP-01', 'PC端 | Chrome 126.0.0.0 | Windows Windows 10 or Windows Server 2016');
INSERT INTO `a_log` VALUES ('1801073170363584512', null, '2024-06-13 10:04:40.917000', '0', null, '2024-06-13 10:04:40.917000', '138', '127.0.0.1', '本地测试', '查询单个数据字典的值', '{}', 'GET', '/zwz/dictData/getByType/sex', '管理员', '2', 'DICT_DATA-01', 'PC端 | Chrome 126.0.0.0 | Windows Windows 10 or Windows Server 2016');
INSERT INTO `a_log` VALUES ('1801073170371973120', null, '2024-06-13 10:04:40.917000', '0', null, '2024-06-13 10:04:40.917000', '138', '127.0.0.1', '本地测试', '查询子部门', '{}', 'GET', '/zwz/department/getByParentId', '管理员', '2', 'DEP-01', 'PC端 | Chrome 126.0.0.0 | Windows Windows 10 or Windows Server 2016');
INSERT INTO `a_log` VALUES ('1801073171089199104', null, '2024-06-13 10:04:41.060000', '0', null, '2024-06-13 10:04:41.060000', '96', '127.0.0.1', '本地测试', '查询全部角色', '{}', 'GET', '/zwz/role/getAllList', '管理员', '2', 'ROLE-01', 'PC端 | Chrome 126.0.0.0 | Windows Windows 10 or Windows Server 2016');
INSERT INTO `a_log` VALUES ('1801073171470880768', null, '2024-06-13 10:04:41.095000', '0', null, '2024-06-13 10:04:41.095000', '122', '127.0.0.1', '本地测试', '查询用户', '{\"nickname\":\"\",\"departmentId\":\"\",\"pageNumber\":\"1\",\"pageSize\":\"20\",\"sort\":\"createTime\",\"order\":\"desc\"}', 'GET', '/zwz/user/getUserList', '管理员', '2', 'USER-07', 'PC端 | Chrome 126.0.0.0 | Windows Windows 10 or Windows Server 2016');
INSERT INTO `a_log` VALUES ('1801074149196697600', null, '2024-06-13 10:08:34.322000', '0', null, '2024-06-13 10:08:34.322000', '207', '127.0.0.1', '本地测试', '查询角色', '{\"pageNumber\":\"1\",\"pageSize\":\"15\",\"sort\":\"createTime\",\"order\":\"desc\"}', 'GET', '/zwz/role/getAllByPage', '管理员', '2', 'ROLE-02', 'PC端 | Chrome 126.0.0.0 | Windows Windows 10 or Windows Server 2016');
INSERT INTO `a_log` VALUES ('1801074156905828352', null, '2024-06-13 10:08:36.052000', '0', null, '2024-06-13 10:08:36.052000', '56', '127.0.0.1', '本地测试', '查询单个数据字典的值', '{}', 'GET', '/zwz/dictData/getByType/permission_type', '管理员', '2', 'DICT_DATA-01', 'PC端 | Chrome 126.0.0.0 | Windows Windows 10 or Windows Server 2016');
INSERT INTO `a_log` VALUES ('1801074173511077888', null, '2024-06-13 10:08:40.089000', '0', null, '2024-06-13 10:08:40.089000', '132', '127.0.0.1', '本地测试', '查询所有数据字典', '{}', 'GET', '/zwz/dict/getAll', '管理员', '2', 'DICT-01', 'PC端 | Chrome 126.0.0.0 | Windows Windows 10 or Windows Server 2016');
INSERT INTO `a_log` VALUES ('1801074174823895040', null, '2024-06-13 10:08:40.325000', '0', null, '2024-06-13 10:08:40.325000', '64', '127.0.0.1', '本地测试', '查询数据字典值', '{\"name\":\"\",\"status\":\"\",\"pageNumber\":\"1\",\"pageSize\":\"10\",\"sort\":\"sortOrder\",\"order\":\"asc\"}', 'GET', '/zwz/dictData/getByCondition', '管理员', '2', 'DICT_DATA-02', 'PC端 | Chrome 126.0.0.0 | Windows Windows 10 or Windows Server 2016');
INSERT INTO `a_log` VALUES ('1801074495247749120', null, '2024-06-13 10:09:56.805000', '0', null, '2024-06-13 10:09:56.805000', '150', '127.0.0.1', '本地测试', '查询菜单', '{}', 'GET', '/zwz/permission/getMenuList', '管理员', '2', 'PERMISSION-02', 'PC端 | Chrome 126.0.0.0 | Windows Windows 10 or Windows Server 2016');
INSERT INTO `a_log` VALUES ('1801074498108264448', null, '2024-06-13 10:09:57.400000', '0', null, '2024-06-13 10:09:57.400000', '54', '127.0.0.1', '本地测试', '查询单个数据字典的值', '{}', 'GET', '/zwz/dictData/getByType/sex', '管理员', '2', 'DICT_DATA-01', 'PC端 | Chrome 126.0.0.0 | Windows Windows 10 or Windows Server 2016');
INSERT INTO `a_log` VALUES ('1801074498120847360', null, '2024-06-13 10:09:57.471000', '0', null, '2024-06-13 10:09:57.471000', '125', '127.0.0.1', '本地测试', '查询子部门', '{}', 'GET', '/zwz/department/getByParentId', '管理员', '2', 'DEP-01', 'PC端 | Chrome 126.0.0.0 | Windows Windows 10 or Windows Server 2016');
INSERT INTO `a_log` VALUES ('1801074498137624576', null, '2024-06-13 10:09:57.471000', '0', null, '2024-06-13 10:09:57.471000', '125', '127.0.0.1', '本地测试', '查询子部门', '{}', 'GET', '/zwz/department/getByParentId', '管理员', '2', 'DEP-01', 'PC端 | Chrome 126.0.0.0 | Windows Windows 10 or Windows Server 2016');
INSERT INTO `a_log` VALUES ('1801074499404304384', null, '2024-06-13 10:09:57.702000', '0', null, '2024-06-13 10:09:57.702000', '44', '127.0.0.1', '本地测试', '查询全部角色', '{}', 'GET', '/zwz/role/getAllList', '管理员', '2', 'ROLE-01', 'PC端 | Chrome 126.0.0.0 | Windows Windows 10 or Windows Server 2016');
INSERT INTO `a_log` VALUES ('1801074499483996160', null, '2024-06-13 10:09:57.726000', '0', null, '2024-06-13 10:09:57.726000', '64', '127.0.0.1', '本地测试', '查询用户', '{\"nickname\":\"\",\"departmentId\":\"\",\"pageNumber\":\"1\",\"pageSize\":\"20\",\"sort\":\"createTime\",\"order\":\"desc\"}', 'GET', '/zwz/user/getUserList', '管理员', '2', 'USER-07', 'PC端 | Chrome 126.0.0.0 | Windows Windows 10 or Windows Server 2016');
INSERT INTO `a_log` VALUES ('1801074521487314944', null, '2024-06-13 10:10:03.053000', '0', null, '2024-06-13 10:10:03.053000', '156', '127.0.0.1', '本地测试', '查询菜单', '{}', 'GET', '/zwz/permission/getMenuList', '管理员', '2', 'PERMISSION-02', 'PC端 | Chrome 126.0.0.0 | Windows Windows 10 or Windows Server 2016');
INSERT INTO `a_log` VALUES ('1801074522514919424', null, '2024-06-13 10:10:03.247000', '0', null, '2024-06-13 10:10:03.247000', '90', '127.0.0.1', '本地测试', '查询个人门户菜单B', '{}', 'POST', '/zwz/myDoor/getMyDoorList6', '管理员', '2', 'MY-DOOR-02', 'PC端 | Chrome 126.0.0.0 | Windows Windows 10 or Windows Server 2016');
INSERT INTO `a_log` VALUES ('1801074561748439040', null, '2024-06-13 10:10:12.652000', '0', null, '2024-06-13 10:10:12.652000', '126', '127.0.0.1', '本地测试', '查询所有数据字典', '{}', 'GET', '/zwz/dict/getAll', '管理员', '2', 'DICT-01', 'PC端 | Chrome 126.0.0.0 | Windows Windows 10 or Windows Server 2016');
INSERT INTO `a_log` VALUES ('1801074561861685248', null, '2024-06-13 10:10:12.672000', '0', null, '2024-06-13 10:10:12.672000', '146', '127.0.0.1', '本地测试', '查询数据字典值', '{\"name\":\"\",\"status\":\"\",\"pageNumber\":\"1\",\"pageSize\":\"10\",\"sort\":\"sortOrder\",\"order\":\"asc\"}', 'GET', '/zwz/dictData/getByCondition', '管理员', '2', 'DICT_DATA-02', 'PC端 | Chrome 126.0.0.0 | Windows Windows 10 or Windows Server 2016');
INSERT INTO `a_log` VALUES ('1801074567205228544', null, '2024-06-13 10:10:13.922000', '0', null, '2024-06-13 10:10:13.922000', '106', '127.0.0.1', '本地测试', '查询单个数据字典的值', '{}', 'GET', '/zwz/dictData/getByType/permission_type', '管理员', '2', 'DICT_DATA-01', 'PC端 | Chrome 126.0.0.0 | Windows Windows 10 or Windows Server 2016');
INSERT INTO `a_log` VALUES ('1801074568471908352', null, '2024-06-13 10:10:14.172000', '0', null, '2024-06-13 10:10:14.172000', '65', '127.0.0.1', '本地测试', '查询角色', '{\"pageNumber\":\"1\",\"pageSize\":\"15\",\"sort\":\"createTime\",\"order\":\"desc\"}', 'GET', '/zwz/role/getAllByPage', '管理员', '2', 'ROLE-02', 'PC端 | Chrome 126.0.0.0 | Windows Windows 10 or Windows Server 2016');
INSERT INTO `a_log` VALUES ('1801074569692450816', null, '2024-06-13 10:10:14.491000', '0', null, '2024-06-13 10:10:14.491000', '81', '127.0.0.1', '本地测试', '查询个人门户菜单B', '{}', 'POST', '/zwz/myDoor/getMyDoorList6', '管理员', '2', 'MY-DOOR-02', 'PC端 | Chrome 126.0.0.0 | Windows Windows 10 or Windows Server 2016');
INSERT INTO `a_log` VALUES ('1801082415649787904', null, '2024-06-13 10:41:25.673000', '0', null, '2024-06-13 10:41:25.673000', '570', '127.0.0.1', '本地测试', '查询菜单', '{}', 'GET', '/zwz/permission/getMenuList', '管理员', '2', 'PERMISSION-02', 'PC端 | Chrome 126.0.0.0 | Windows Windows 10 or Windows Server 2016');
INSERT INTO `a_log` VALUES ('1801082418023763968', null, '2024-06-13 10:41:25.673000', '0', null, '2024-06-13 10:41:25.673000', '89', '127.0.0.1', '本地测试', '查询个人门户菜单B', '{}', 'POST', '/zwz/myDoor/getMyDoorList6', '管理员', '2', 'MY-DOOR-02', 'PC端 | Chrome 126.0.0.0 | Windows Windows 10 or Windows Server 2016');
INSERT INTO `a_log` VALUES ('1801083341328486401', null, '2024-06-13 10:45:05.987000', '0', null, '2024-06-13 10:45:05.987000', '261', '127.0.0.1', '本地测试', '查询个人门户菜单B', '{}', 'POST', '/zwz/myDoor/getMyDoorList6', '管理员', '2', 'MY-DOOR-02', 'PC端 | Chrome 126.0.0.0 | Windows Windows 10 or Windows Server 2016');
INSERT INTO `a_log` VALUES ('1801083362258063360', null, '2024-06-13 10:45:10.782000', '0', null, '2024-06-13 10:45:10.782000', '68', '127.0.0.1', '本地测试', '查询菜单', '{}', 'GET', '/zwz/permission/getMenuList', '管理员', '2', 'PERMISSION-02', 'PC端 | Chrome 126.0.0.0 | Windows Windows 10 or Windows Server 2016');
INSERT INTO `a_log` VALUES ('1801083363239530496', null, '2024-06-13 10:45:11.010000', '0', null, '2024-06-13 10:45:11.010000', '66', '127.0.0.1', '本地测试', '查询个人门户菜单B', '{}', 'POST', '/zwz/myDoor/getMyDoorList6', '管理员', '2', 'MY-DOOR-02', 'PC端 | Chrome 126.0.0.0 | Windows Windows 10 or Windows Server 2016');
INSERT INTO `a_log` VALUES ('1801083375986020352', null, '2024-06-13 10:45:14.135000', '0', null, '2024-06-13 10:45:14.135000', '139', '127.0.0.1', '本地测试', '查询个人门户菜单B', '{}', 'POST', '/zwz/myDoor/getMyDoorList6', '管理员', '2', 'MY-DOOR-02', 'PC端 | Chrome 126.0.0.0 | Windows Windows 10 or Windows Server 2016');
INSERT INTO `a_log` VALUES ('1801083753846673408', null, '2024-06-13 10:46:44.303000', '0', null, '2024-06-13 10:46:44.303000', '220', '127.0.0.1', '本地测试', '查询单个数据字典的值', '{}', 'GET', '/zwz/dictData/getByType/sex', '管理员', '2', 'DICT_DATA-01', 'PC端 | Chrome 126.0.0.0 | Windows Windows 10 or Windows Server 2016');
INSERT INTO `a_log` VALUES ('1801083753909587968', null, '2024-06-13 10:46:44.306000', '0', null, '2024-06-13 10:46:44.306000', '227', '127.0.0.1', '本地测试', '查询子部门', '{}', 'GET', '/zwz/department/getByParentId', '管理员', '2', 'DEP-01', 'PC端 | Chrome 126.0.0.0 | Windows Windows 10 or Windows Server 2016');
INSERT INTO `a_log` VALUES ('1801083754232549376', null, '2024-06-13 10:46:44.302000', '0', null, '2024-06-13 10:46:44.302000', '117', '127.0.0.1', '本地测试', '查询全部角色', '{}', 'GET', '/zwz/role/getAllList', '管理员', '2', 'ROLE-01', 'PC端 | Chrome 126.0.0.0 | Windows Windows 10 or Windows Server 2016');
INSERT INTO `a_log` VALUES ('1801083755117547523', null, '2024-06-13 10:46:44.434000', '0', null, '2024-06-13 10:46:44.434000', '53', '127.0.0.1', '本地测试', '查询子部门', '{}', 'GET', '/zwz/department/getByParentId', '管理员', '2', 'DEP-01', 'PC端 | Chrome 126.0.0.0 | Windows Windows 10 or Windows Server 2016');
INSERT INTO `a_log` VALUES ('1801083755193044992', null, '2024-06-13 10:46:44.453000', '0', null, '2024-06-13 10:46:44.453000', '68', '127.0.0.1', '本地测试', '查询用户', '{\"nickname\":\"\",\"departmentId\":\"\",\"pageNumber\":\"1\",\"pageSize\":\"20\",\"sort\":\"createTime\",\"order\":\"desc\"}', 'GET', '/zwz/user/getUserList', '管理员', '2', 'USER-07', 'PC端 | Chrome 126.0.0.0 | Windows Windows 10 or Windows Server 2016');
INSERT INTO `a_log` VALUES ('1801083756686217216', null, '2024-06-13 10:46:44.819000', '0', null, '2024-06-13 10:46:44.819000', '83', '127.0.0.1', '本地测试', '查询系统文件', '{\"name\":\"\",\"fkey\":\"\",\"type\":\"\",\"pageNumber\":\"1\",\"pageSize\":\"15\",\"sort\":\"createTime\",\"order\":\"desc\",\"startDate\":\"\",\"endDate\":\"\"}', 'GET', '/zwz/file/getByCondition', '管理员', '2', 'FILE-01', 'PC端 | Chrome 126.0.0.0 | Windows Windows 10 or Windows Server 2016');
INSERT INTO `a_log` VALUES ('1801083757831262208', null, '2024-06-13 10:46:45.084000', '0', null, '2024-06-13 10:46:45.084000', '43', '127.0.0.1', '本地测试', '查看单个配置', '{\"id\":\"FILE_VIEW\"}', 'GET', '/zwz/setting/getOne', '管理员', '2', 'SETTING-01', 'PC端 | Chrome 126.0.0.0 | Windows Windows 10 or Windows Server 2016');
INSERT INTO `a_log` VALUES ('1801083757831262209', null, '2024-06-13 10:46:45.088000', '0', null, '2024-06-13 10:46:45.088000', '46', '127.0.0.1', '本地测试', '查看单个配置', '{\"id\":\"FILE_HTTP\"}', 'GET', '/zwz/setting/getOne', '管理员', '2', 'SETTING-01', 'PC端 | Chrome 126.0.0.0 | Windows Windows 10 or Windows Server 2016');
INSERT INTO `a_log` VALUES ('1801083757831262210', null, '2024-06-13 10:46:45.084000', '0', null, '2024-06-13 10:46:45.084000', '43', '127.0.0.1', '本地测试', '查看单个配置', '{\"id\":\"FILE_PATH\"}', 'GET', '/zwz/setting/getOne', '管理员', '2', 'SETTING-01', 'PC端 | Chrome 126.0.0.0 | Windows Windows 10 or Windows Server 2016');
INSERT INTO `a_log` VALUES ('1801084411446431744', null, '2024-06-13 10:49:21.077000', '0', null, '2024-06-13 10:49:21.077000', '209', '127.0.0.1', '本地测试', '查询菜单', '{}', 'GET', '/zwz/permission/getMenuList', '管理员', '2', 'PERMISSION-02', 'PC端 | Chrome 126.0.0.0 | Windows Windows 10 or Windows Server 2016');
INSERT INTO `a_log` VALUES ('1801084412851523584', null, '2024-06-13 10:49:21.307000', '0', null, '2024-06-13 10:49:21.307000', '95', '127.0.0.1', '本地测试', '查看单个配置', '{\"id\":\"FILE_PATH\"}', 'GET', '/zwz/setting/getOne', '管理员', '2', 'SETTING-01', 'PC端 | Chrome 126.0.0.0 | Windows Windows 10 or Windows Server 2016');
INSERT INTO `a_log` VALUES ('1801084412910243840', null, '2024-06-13 10:49:21.367000', '0', null, '2024-06-13 10:49:21.367000', '157', '127.0.0.1', '本地测试', '查询系统文件', '{\"name\":\"\",\"fkey\":\"\",\"type\":\"\",\"pageNumber\":\"1\",\"pageSize\":\"15\",\"sort\":\"createTime\",\"order\":\"desc\",\"startDate\":\"\",\"endDate\":\"\"}', 'GET', '/zwz/file/getByCondition', '管理员', '2', 'FILE-01', 'PC端 | Chrome 126.0.0.0 | Windows Windows 10 or Windows Server 2016');
INSERT INTO `a_log` VALUES ('1801084414134980608', null, '2024-06-13 10:49:21.621000', '0', null, '2024-06-13 10:49:21.621000', '104', '127.0.0.1', '本地测试', '查看单个配置', '{\"id\":\"FILE_HTTP\"}', 'GET', '/zwz/setting/getOne', '管理员', '2', 'SETTING-01', 'PC端 | Chrome 126.0.0.0 | Windows Windows 10 or Windows Server 2016');
INSERT INTO `a_log` VALUES ('1801084414134980609', null, '2024-06-13 10:49:21.615000', '0', null, '2024-06-13 10:49:21.615000', '99', '127.0.0.1', '本地测试', '查看单个配置', '{\"id\":\"FILE_VIEW\"}', 'GET', '/zwz/setting/getOne', '管理员', '2', 'SETTING-01', 'PC端 | Chrome 126.0.0.0 | Windows Windows 10 or Windows Server 2016');
INSERT INTO `a_log` VALUES ('1801084976607924224', null, '2024-06-13 10:51:35.760000', '0', null, '2024-06-13 10:51:35.760000', '151', '127.0.0.1', '本地测试', '查询个人门户菜单B', '{}', 'POST', '/zwz/myDoor/getMyDoorList6', '管理员', '2', 'MY-DOOR-02', 'PC端 | Chrome 126.0.0.0 | Windows Windows 10 or Windows Server 2016');
INSERT INTO `a_log` VALUES ('1801086410430746624', null, '2024-06-13 10:57:17.618000', '0', null, '2024-06-13 10:57:17.618000', '158', '127.0.0.1', '本地测试', '查询个人门户菜单B', '{}', 'POST', '/zwz/myDoor/getMyDoorList6', '管理员', '2', 'MY-DOOR-02', 'PC端 | Chrome 126.0.0.0 | Windows Windows 10 or Windows Server 2016');
INSERT INTO `a_log` VALUES ('1801086413173821440', null, '2024-06-13 10:57:18.232000', '0', null, '2024-06-13 10:57:18.232000', '112', '127.0.0.1', '本地测试', '查询个人门户菜单B', '{}', 'POST', '/zwz/myDoor/getMyDoorList6', '管理员', '2', 'MY-DOOR-02', 'PC端 | Chrome 126.0.0.0 | Windows Windows 10 or Windows Server 2016');
INSERT INTO `a_log` VALUES ('1801086445369298944', null, '2024-06-13 10:57:25.925000', '0', null, '2024-06-13 10:57:25.925000', '131', '127.0.0.1', '本地测试', '查询菜单', '{}', 'GET', '/zwz/permission/getMenuList', '管理员', '2', 'PERMISSION-02', 'PC端 | Chrome 126.0.0.0 | Windows Windows 10 or Windows Server 2016');
INSERT INTO `a_log` VALUES ('1801086446128467968', null, '2024-06-13 10:57:26.106000', '0', null, '2024-06-13 10:57:26.106000', '129', '127.0.0.1', '本地测试', '查询个人门户菜单B', '{}', 'POST', '/zwz/myDoor/getMyDoorList6', '管理员', '2', 'MY-DOOR-02', 'PC端 | Chrome 126.0.0.0 | Windows Windows 10 or Windows Server 2016');
INSERT INTO `a_log` VALUES ('1801086470916804608', null, '2024-06-13 10:57:32.020000', '0', null, '2024-06-13 10:57:32.020000', '136', '127.0.0.1', '本地测试', '查询单个数据字典的值', '{}', 'GET', '/zwz/dictData/getByType/sex', '管理员', '2', 'DICT_DATA-01', 'PC端 | Chrome 126.0.0.0 | Windows Windows 10 or Windows Server 2016');
INSERT INTO `a_log` VALUES ('1801086479578042368', null, '2024-06-13 10:57:34.077000', '0', null, '2024-06-13 10:57:34.077000', '129', '127.0.0.1', '本地测试', '查询个人门户菜单B', '{}', 'POST', '/zwz/myDoor/getMyDoorList6', '管理员', '2', 'MY-DOOR-02', 'PC端 | Chrome 126.0.0.0 | Windows Windows 10 or Windows Server 2016');
INSERT INTO `a_log` VALUES ('1801086927227719680', null, '2024-06-13 10:59:20.808000', '0', null, '2024-06-13 10:59:20.808000', '129', '127.0.0.1', '本地测试', '查询菜单', '{}', 'GET', '/zwz/permission/getMenuList', '管理员', '2', 'PERMISSION-02', 'PC端 | Chrome 126.0.0.0 | Windows Windows 10 or Windows Server 2016');
INSERT INTO `a_log` VALUES ('1801086927957528576', null, '2024-06-13 10:59:20.894000', '0', null, '2024-06-13 10:59:20.894000', '40', '127.0.0.1', '本地测试', '查询个人门户菜单B', '{}', 'POST', '/zwz/myDoor/getMyDoorList6', '管理员', '2', 'MY-DOOR-02', 'PC端 | Chrome 126.0.0.0 | Windows Windows 10 or Windows Server 2016');
INSERT INTO `a_log` VALUES ('1801087384784343040', null, '2024-06-13 11:01:09.897000', '0', null, '2024-06-13 11:01:09.897000', '127', '127.0.0.1', '本地测试', '查询菜单', '{}', 'GET', '/zwz/permission/getMenuList', '管理员', '2', 'PERMISSION-02', 'PC端 | Chrome 126.0.0.0 | Windows Windows 10 or Windows Server 2016');
INSERT INTO `a_log` VALUES ('1801087410587701248', null, '2024-06-13 11:01:16.047000', '0', null, '2024-06-13 11:01:16.047000', '124', '127.0.0.1', '本地测试', '查询单个数据字典的值', '{}', 'GET', '/zwz/dictData/getByType/sex', '管理员', '2', 'DICT_DATA-01', 'PC端 | Chrome 126.0.0.0 | Windows Windows 10 or Windows Server 2016');
INSERT INTO `a_log` VALUES ('1801087474634723328', null, '2024-06-13 11:01:31.328000', '0', null, '2024-06-13 11:01:31.328000', '138', '127.0.0.1', '本地测试', '查询个人门户菜单B', '{}', 'POST', '/zwz/myDoor/getMyDoorList6', '管理员', '2', 'MY-DOOR-02', 'PC端 | Chrome 126.0.0.0 | Windows Windows 10 or Windows Server 2016');
INSERT INTO `a_log` VALUES ('1801088813234262016', null, '2024-06-13 11:06:50.525000', '0', null, '2024-06-13 11:06:50.525000', '189', '127.0.0.1', '本地测试', '查询子部门', '{}', 'GET', '/zwz/department/getByParentId', '管理员', '2', 'DEP-01', 'PC端 | Chrome 126.0.0.0 | Windows Windows 10 or Windows Server 2016');
INSERT INTO `a_log` VALUES ('1801088813855019008', null, '2024-06-13 11:06:50.645000', '0', null, '2024-06-13 11:06:50.645000', '155', '127.0.0.1', '本地测试', '查询单个数据字典的值', '{}', 'GET', '/zwz/dictData/getByType/sex', '管理员', '2', 'DICT_DATA-01', 'PC端 | Chrome 126.0.0.0 | Windows Windows 10 or Windows Server 2016');
INSERT INTO `a_log` VALUES ('1801088813863407616', null, '2024-06-13 11:06:50.645000', '0', null, '2024-06-13 11:06:50.645000', '155', '127.0.0.1', '本地测试', '查询子部门', '{}', 'GET', '/zwz/department/getByParentId', '管理员', '2', 'DEP-01', 'PC端 | Chrome 126.0.0.0 | Windows Windows 10 or Windows Server 2016');
INSERT INTO `a_log` VALUES ('1801088814513524736', null, '2024-06-13 11:06:50.677000', '0', null, '2024-06-13 11:06:50.677000', '30', '127.0.0.1', '本地测试', '查询全部角色', '{}', 'GET', '/zwz/role/getAllList', '管理员', '2', 'ROLE-01', 'PC端 | Chrome 126.0.0.0 | Windows Windows 10 or Windows Server 2016');
INSERT INTO `a_log` VALUES ('1801088814563856384', null, '2024-06-13 11:06:50.692000', '0', null, '2024-06-13 11:06:50.692000', '42', '127.0.0.1', '本地测试', '查询用户', '{\"nickname\":\"\",\"departmentId\":\"\",\"pageNumber\":\"1\",\"pageSize\":\"20\",\"sort\":\"createTime\",\"order\":\"desc\"}', 'GET', '/zwz/user/getUserList', '管理员', '2', 'USER-07', 'PC端 | Chrome 126.0.0.0 | Windows Windows 10 or Windows Server 2016');
INSERT INTO `a_log` VALUES ('1801088822277181440', null, '2024-06-13 11:06:52.529000', '0', null, '2024-06-13 11:06:52.529000', '38', '127.0.0.1', '本地测试', '查询个人门户菜单B', '{}', 'POST', '/zwz/myDoor/getMyDoorList6', '管理员', '2', 'MY-DOOR-02', 'PC端 | Chrome 126.0.0.0 | Windows Windows 10 or Windows Server 2016');

-- ----------------------------
-- Table structure for `a_permission`
-- ----------------------------
DROP TABLE IF EXISTS `a_permission`;
CREATE TABLE `a_permission` (
  `id` varchar(255) NOT NULL,
  `create_by` varchar(255) DEFAULT NULL,
  `create_time` datetime(6) DEFAULT NULL,
  `del_flag` int NOT NULL,
  `update_by` varchar(255) DEFAULT NULL,
  `update_time` datetime(6) DEFAULT NULL,
  `description` varchar(255) DEFAULT NULL,
  `name` varchar(255) DEFAULT NULL,
  `parent_id` varchar(255) DEFAULT NULL,
  `type` int DEFAULT NULL,
  `sort_order` decimal(10,2) DEFAULT NULL,
  `component` varchar(255) DEFAULT NULL,
  `path` varchar(255) DEFAULT NULL,
  `title` varchar(255) DEFAULT NULL,
  `icon` varchar(255) DEFAULT NULL,
  `level` int unsigned DEFAULT NULL,
  `button_type` varchar(255) DEFAULT NULL,
  `status` int DEFAULT NULL,
  `show_always` bit(1) DEFAULT NULL,
  PRIMARY KEY (`id`)
) ENGINE=InnoDB DEFAULT CHARSET=utf8mb3;

-- ----------------------------
-- Records of a_permission
-- ----------------------------
INSERT INTO `a_permission` VALUES ('125909152017944576', 'admin', '2022-03-20 09:46:20.000000', '0', 'admin', '2023-10-02 10:26:46.904000', '', 'zwz', '0', '-1', '1.00', '', '', '智能教学资源库系统', 'md-home', '0', '', '0', '');
INSERT INTO `a_permission` VALUES ('1464484663442673664', 'admin', '2022-03-20 09:46:20.000000', '0', 'admin', '2022-03-20 09:46:20.000000', '', 'userTwoMenu', '125909152017944576', '0', '1.00', 'Main', '/baseMenu', '系统基础模块', 'md-analytics', '1', '', '0', '');
INSERT INTO `a_permission` VALUES ('1530689602321518592', 'admin', '2022-05-29 07:16:55.000000', '0', null, null, '', 'dict', '1464484663442673664', '0', '7.00', 'dict/dict/index', 'dict', '数据字典', 'ios-apps', '2', '', '0', '');
INSERT INTO `a_permission` VALUES ('1535166438371889152', 'admin', '2022-06-10 15:46:16.000000', '0', null, null, '', 'vue', '1464484663442673664', '0', '8.00', 'code/vue/index', 'vue', '测试菜单', 'md-bug', '2', '', '0', '');
INSERT INTO `a_permission` VALUES ('1536599942410407936', 'admin', '2022-06-14 14:42:30.000000', '0', null, null, '', 'demo', '0', '-1', '2.00', '', '', '样例演示', 'md-bulb', '0', null, '0', null);
INSERT INTO `a_permission` VALUES ('1536600125332393984', 'admin', '2022-06-14 14:43:13.000000', '0', 'admin', '2022-06-14 15:10:31.000000', '', 'tableDemo', '1536599942410407936', '0', '1.00', 'Main', '/tableDemo', '二次开发样例', 'ios-apps', '1', '', '0', null);
INSERT INTO `a_permission` VALUES ('1536600268379131904', 'admin', '2022-06-14 14:43:47.000000', '0', null, null, '', 'demo1', '1536600125332393984', '0', '1.00', 'demo/demo1/index', 'demo1', '代码生成样例', 'md-finger-print', '2', '', '0', null);
INSERT INTO `a_permission` VALUES ('1536604417711804416', 'admin', '2022-06-14 15:00:17.000000', '0', 'admin', '2022-06-14 15:31:57.000000', '', 'demo2', '1536600125332393984', '0', '2.00', 'demo/demo2/index', 'demo2', '复杂表格样例', 'md-archive', '2', '', '0', null);
INSERT INTO `a_permission` VALUES ('1536606273959759872', 'admin', '2022-06-14 15:07:39.000000', '0', 'admin', '2022-06-14 15:10:23.000000', '', 'antv', '1536599942410407936', '0', '2.00', 'Main', '/antv', '图表展示', 'ios-pulse', '1', '', '0', null);
INSERT INTO `a_permission` VALUES ('1536606372668510208', 'admin', '2022-06-14 15:08:03.000000', '0', null, null, '', 'antv1', '1536606273959759872', '0', '1.00', 'demo/antv1/index', 'antv1', '条形图', 'md-pricetags', '2', '', '0', null);
INSERT INTO `a_permission` VALUES ('1536606464712511488', 'admin', '2022-06-14 15:08:25.000000', '0', null, null, '', 'antv2', '1536606273959759872', '0', '2.00', 'demo/antv2/index', 'antv2', '饼图', 'md-radio-button-off', '2', '', '0', null);
INSERT INTO `a_permission` VALUES ('1536606550951596032', 'admin', '2022-06-14 15:08:45.000000', '0', null, null, '', 'antv3', '1536606273959759872', '0', '3.00', 'demo/antv3/index', 'antv3', '折线图', 'ios-nutrition', '2', '', '0', null);
INSERT INTO `a_permission` VALUES ('1536606637815631872', 'admin', '2022-06-14 15:09:06.000000', '0', null, null, '', 'antv4', '1536606273959759872', '0', '4.00', 'demo/antv4/index', 'antv4', '柱状图', 'ios-phone-portrait', '2', '', '0', null);
INSERT INTO `a_permission` VALUES ('1536875505901506560', 'admin', '2022-06-15 08:57:29.000000', '0', 'admin', '2022-06-15 09:01:01.000000', '', 'antvActive', '1536606273959759872', '0', '5.00', 'demo/antvActive/index', 'antvActive', '动态图表样例', 'ios-apps', '2', '', '0', null);
INSERT INTO `a_permission` VALUES ('1633741726566977536', 'admin', '2023-03-09 16:09:16.000000', '0', null, null, null, 'classMenu', '125909152017944576', '0', '2.00', 'Main', '/classMenu', '课程管理模块', 'ios-apps', '1', '', '0', null);
INSERT INTO `a_permission` VALUES ('1633741814378926080', 'admin', '2023-03-09 16:09:37.000000', '0', null, null, null, 'curriculum', '1633741726566977536', '0', '1.00', 'study/curriculum/index', 'curriculum', '课程模块', 'md-aperture', '2', '', '0', null);
INSERT INTO `a_permission` VALUES ('1633741933077729280', 'admin', '2023-03-09 16:10:05.000000', '0', null, null, null, 'resMenu', '125909152017944576', '0', '3.00', 'Main', '/resMenu', '资源中心模块', 'ios-apps', '1', '', '0', null);
INSERT INTO `a_permission` VALUES ('1633742047582228480', 'admin', '2023-03-09 16:10:32.000000', '0', null, null, null, 'courseResources', '1633741933077729280', '0', '1.00', 'study/courseResources/index', 'courseResources', '课程资源', 'md-aperture', '2', '', '0', null);
INSERT INTO `a_permission` VALUES ('1633742255842004992', 'admin', '2023-03-09 16:11:22.000000', '0', null, null, null, 'timetableMenu', '125909152017944576', '0', '4.00', 'Main', '/timetableMenu', '授课中心模块', 'ios-apps', '1', '', '0', null);
INSERT INTO `a_permission` VALUES ('1633742360347283456', 'admin', '2023-03-09 16:11:47.000000', '0', null, null, null, 'timetable', '1633742255842004992', '0', '1.00', 'study/timetable/index', 'timetable', '授课管理', 'md-aperture', '2', '', '0', null);
INSERT INTO `a_permission` VALUES ('1633742494619537408', 'admin', '2023-03-09 16:12:19.000000', '0', null, null, null, 'assignmentMenu', '125909152017944576', '0', '5.00', 'Main', '/assignmentMenu', '作业发布模块', 'ios-apps', '1', '', '0', null);
INSERT INTO `a_permission` VALUES ('1633742556745568256', 'admin', '2023-03-09 16:12:34.000000', '0', null, null, null, 'assignment', '1633742494619537408', '0', '1.00', 'study/assignment/index', 'assignment', '课程作业', 'md-aperture', '2', '', '0', null);
INSERT INTO `a_permission` VALUES ('1633742673821175808', 'admin', '2023-03-09 16:13:02.000000', '0', null, null, null, 'appraiseMenu', '125909152017944576', '0', '6.00', 'Main', '/appraiseMenu', '课程评价模块', 'ios-apps', '1', '', '0', null);
INSERT INTO `a_permission` VALUES ('1633742731975200768', 'admin', '2023-03-09 16:13:15.000000', '0', null, null, null, 'appraise', '1633742673821175808', '0', '1.00', 'study/appraise/index', 'appraise', '课程评价', 'md-aperture', '2', '', '0', null);
INSERT INTO `a_permission` VALUES ('1634008127965892608', 'admin', '2023-03-10 09:47:51.000000', '0', null, null, null, 'timetable2', '1633742255842004992', '0', '2.00', 'study/timetable/myIndex', 'timetable2', '我的课表', 'md-aperture', '2', '', '0', null);
INSERT INTO `a_permission` VALUES ('1634021697231392768', 'admin', '2023-03-10 10:41:46.000000', '0', null, null, null, 'fenXiMenu', '125909152017944576', '0', '7.00', 'Main', '/fenXiMenu', '课程质量分析模块', 'ios-apps', '1', '', '0', null);
INSERT INTO `a_permission` VALUES ('1634021781109084160', 'admin', '2023-03-10 10:42:06.000000', '0', null, null, null, 'zyTu', '1634021697231392768', '0', '1.00', 'study/zyTu/index', 'zyTu', '课程质量分析', 'md-aperture', '2', '', '0', null);
INSERT INTO `a_permission` VALUES ('1634023108371419136', 'admin', '2023-03-10 10:47:22.000000', '0', null, null, null, '', '1633741814378926080', '1', '1.00', '', '无', '添加课程', '', '3', 'add', '0', null);
INSERT INTO `a_permission` VALUES ('1634023137060458496', 'admin', '2023-03-10 10:47:29.000000', '0', null, null, null, '', '1633741814378926080', '1', '2.00', '', '无', '编辑课程', '', '3', 'edit', '0', null);
INSERT INTO `a_permission` VALUES ('1634023164956774400', 'admin', '2023-03-10 10:47:36.000000', '0', null, null, null, '', '1633741814378926080', '1', '3.00', '', '无', '删除课程', '', '3', 'delete', '0', null);
INSERT INTO `a_permission` VALUES ('1634023239103680512', 'admin', '2023-03-10 10:47:54.000000', '0', null, null, null, '', '1633741814378926080', '1', '4.00', '', '无', '提交课程评价', '', '3', 'enable', '0', null);
INSERT INTO `a_permission` VALUES ('1634023301795942400', 'admin', '2023-03-10 10:48:09.000000', '0', null, null, null, '', '1633741814378926080', '1', '5.00', '', '无', '课程作业生成', '', '3', 'disable', '0', null);
INSERT INTO `a_permission` VALUES ('1634023351347449856', 'admin', '2023-03-10 10:48:20.000000', '0', null, null, null, '', '1633742047582228480', '1', '1.00', '', '无', '上传课程资源', '', '3', 'add', '0', null);
INSERT INTO `a_permission` VALUES ('1634023383710699520', 'admin', '2023-03-10 10:48:28.000000', '0', null, null, null, '', '1633742047582228480', '1', '2.00', '', '无', '编辑课程资源', '', '3', 'edit', '0', null);
INSERT INTO `a_permission` VALUES ('1634023416598237184', 'admin', '2023-03-10 10:48:36.000000', '0', null, null, null, '', '1633742047582228480', '1', '3.00', '', '无', '删除课程资源', '', '3', 'delete', '0', null);
INSERT INTO `a_permission` VALUES ('1634023490900332544', 'admin', '2023-03-10 10:48:54.000000', '0', null, null, null, '', '1633742360347283456', '1', '1.00', '', '无', '添加授课', '', '3', 'add', '0', null);
INSERT INTO `a_permission` VALUES ('1634023564665556992', 'admin', '2023-03-10 10:49:11.000000', '0', null, null, null, '', '1633742360347283456', '1', '2.00', '', '无', '编辑授课', '', '3', 'edit', '0', null);
INSERT INTO `a_permission` VALUES ('1634023595514662912', 'admin', '2023-03-10 10:49:19.000000', '0', null, null, null, '', '1633742360347283456', '1', '3.00', '', '无', '删除授课', '', '3', 'delete', '0', null);
INSERT INTO `a_permission` VALUES ('1634023710753165312', 'admin', '2023-03-10 10:49:46.000000', '0', null, null, null, '', '1633742556745568256', '1', '1.00', '', '无', '删除课程作业', '', '3', 'delete', '0', null);
INSERT INTO `a_permission` VALUES ('1634023741417721856', 'admin', '2023-03-10 10:49:53.000000', '0', null, null, null, '', '1633742556745568256', '1', '2.00', '', '无', '提交课程作业', '', '3', 'enable', '0', null);
INSERT INTO `a_permission` VALUES ('1634023834195726336', 'admin', '2023-03-10 10:50:15.000000', '0', null, null, null, '', '1633742731975200768', '1', '1.00', '', '无', '删除课程评价', '', '3', 'delete', '0', null);
INSERT INTO `a_permission` VALUES ('1663723467998105600', 'admin', '2023-05-31 09:45:59.918000', '0', null, null, null, '', '5129710648430593', '1', '1.00', '', '无', '添加用户', '', '3', 'add', '0', null);
INSERT INTO `a_permission` VALUES ('1663723511849553920', 'admin', '2023-05-31 09:46:10.372000', '0', null, null, null, '', '5129710648430593', '1', '2.00', '', '无', '编辑用户', '', '3', 'edit', '0', null);
INSERT INTO `a_permission` VALUES ('1663723538621796352', 'admin', '2023-05-31 09:46:16.757000', '0', null, null, null, '', '5129710648430593', '1', '3.00', '', '无', '删除用户', '', '3', 'delete', '0', null);
INSERT INTO `a_permission` VALUES ('1663724125664972800', 'admin', '2023-05-31 09:48:36.719000', '0', null, null, null, '', '40238597734928384', '1', '1.00', '', '无', '添加部门', '', '3', 'add', '0', null);
INSERT INTO `a_permission` VALUES ('1663724149731889152', 'admin', '2023-05-31 09:48:42.455000', '0', null, null, null, '', '40238597734928384', '1', '2.00', '', '无', '编辑部门', '', '3', 'edit', '0', null);
INSERT INTO `a_permission` VALUES ('1663724174398590976', 'admin', '2023-05-31 09:48:48.335000', '0', null, null, null, '', '40238597734928384', '1', '3.00', '', '无', '删除部门', '', '3', 'delete', '0', null);
INSERT INTO `a_permission` VALUES ('1663724230593875968', 'admin', '2023-05-31 09:49:01.733000', '0', null, null, null, '', '5129710648430594', '1', '1.00', '', '无', '添加角色', '', '3', 'add', '0', null);
INSERT INTO `a_permission` VALUES ('1663724255319298048', 'admin', '2023-05-31 09:49:07.632000', '0', null, null, null, '', '5129710648430594', '1', '2.00', '', '无', '编辑角色', '', '3', 'edit', '0', null);
INSERT INTO `a_permission` VALUES ('1663724279579152384', 'admin', '2023-05-31 09:49:13.414000', '0', null, null, null, '', '5129710648430594', '1', '3.00', '', '无', '删除角色', '', '3', 'delete', '0', null);
INSERT INTO `a_permission` VALUES ('1663724334755221504', 'admin', '2023-05-31 09:49:26.569000', '0', null, null, null, '', '5129710648430594', '1', '4.00', '', '无', '分配角色权限', '', '3', 'enable', '0', null);
INSERT INTO `a_permission` VALUES ('1663724386382909440', 'admin', '2023-05-31 09:49:38.875000', '0', null, null, null, '', '5129710648430595', '1', '1.00', '', '无', '添加菜单', '', '3', 'add', '0', null);
INSERT INTO `a_permission` VALUES ('1663724413914320896', 'admin', '2023-05-31 09:49:45.442000', '0', null, null, null, '', '5129710648430595', '1', '2.00', '', '无', '编辑菜单', '', '3', 'edit', '0', null);
INSERT INTO `a_permission` VALUES ('1663724441433149440', 'admin', '2023-05-31 09:49:52.003000', '0', null, null, null, '', '5129710648430595', '1', '3.00', '', '无', '删除菜单', '', '3', 'delete', '0', null);
INSERT INTO `a_permission` VALUES ('1663724628767543296', 'admin', '2023-05-31 09:50:36.667000', '0', null, null, null, '', '56309618086776832', '1', '1.00', '', '无', '上传文件', '', '3', 'add', '0', null);
INSERT INTO `a_permission` VALUES ('1663724665174102016', 'admin', '2023-05-31 09:50:45.348000', '0', null, null, null, '', '56309618086776832', '1', '2.00', '', '无', '删除文件', '', '3', 'delete', '0', null);
INSERT INTO `a_permission` VALUES ('1663724779984785408', 'admin', '2023-05-31 09:51:12.719000', '0', null, null, null, '', '1530689602321518592', '1', '1.00', '', '无', '添加数据字典', '', '3', 'add', '0', null);
INSERT INTO `a_permission` VALUES ('1663724805096083456', 'admin', '2023-05-31 09:51:18.707000', '0', null, null, null, '', '1530689602321518592', '1', '2.00', '', '无', '编辑数据字典', '', '3', 'edit', '0', null);
INSERT INTO `a_permission` VALUES ('1663724828114423808', 'admin', '2023-05-31 09:51:24.196000', '0', null, null, null, '', '1530689602321518592', '1', '3.00', '', '无', '删除数据字典', '', '3', 'delete', '0', null);
INSERT INTO `a_permission` VALUES ('1663726175089987584', 'admin', '2023-05-31 09:56:45.338000', '0', null, null, null, '', '56309618086776832', '1', '3.00', '', '无', '文件存储配置', '', '3', 'enable', '0', null);
INSERT INTO `a_permission` VALUES ('40238597734928384', '', '2022-03-20 09:46:20.000000', '0', 'admin', '2022-03-20 09:46:20.000000', '', 'department-admin', '1464484663442673664', '0', '2.00', 'roster/department/department', 'dep', '部门管理', 'md-git-branch', '2', '', '0', '');
INSERT INTO `a_permission` VALUES ('41363147411427328', '', '2022-03-20 09:46:20.000000', '0', 'admin', '2022-05-21 14:15:44.000000', '', 'log-manage', '1464484663442673664', '0', '6.00', 'log/log/index', 'log', '日志管理', 'md-list-box', '2', '', '0', '');
INSERT INTO `a_permission` VALUES ('5129710648430593', '', '2022-03-20 09:46:20.000000', '0', 'admin', '2022-03-20 09:46:20.000000', '', 'user-admin', '1464484663442673664', '0', '1.00', 'roster/user/user', 'user', '用户管理', 'md-person', '2', '', '0', '');
INSERT INTO `a_permission` VALUES ('5129710648430594', '', '2022-03-20 09:46:20.000000', '0', 'admin', '2022-06-14 11:23:18.000000', '', 'role-manage', '1464484663442673664', '0', '3.00', 'role/role/index', 'role', '角色管理', 'md-contacts', '2', '', '0', '');
INSERT INTO `a_permission` VALUES ('5129710648430595', '', '2022-03-20 09:46:20.000000', '0', 'admin', '2022-06-14 11:23:13.000000', '', 'menu-manage', '1464484663442673664', '0', '4.00', 'menu/menu/index', 'menu', '菜单管理', 'md-menu', '2', '', '0', '');
INSERT INTO `a_permission` VALUES ('56309618086776832', '', '2022-03-20 09:46:20.000000', '0', 'admin', '2022-05-29 07:18:02.000000', '', 'file-admin', '1464484663442673664', '0', '5.00', 'file/file/index', 'file', '文件管理', 'ios-folder', '2', '', '0', '');

-- ----------------------------
-- Table structure for `a_role`
-- ----------------------------
DROP TABLE IF EXISTS `a_role`;
CREATE TABLE `a_role` (
  `id` varchar(255) NOT NULL,
  `create_by` varchar(255) DEFAULT NULL,
  `create_time` datetime(6) DEFAULT NULL,
  `update_by` varchar(255) DEFAULT NULL,
  `update_time` datetime(6) DEFAULT NULL,
  `name` varchar(255) DEFAULT NULL,
  `del_flag` int NOT NULL,
  `default_role` bit(1) DEFAULT NULL,
  `description` varchar(255) DEFAULT NULL,
  `data_type` int NOT NULL,
  PRIMARY KEY (`id`)
) ENGINE=InnoDB DEFAULT CHARSET=utf8mb3;

-- ----------------------------
-- Records of a_role
-- ----------------------------
INSERT INTO `a_role` VALUES ('1536606659751841795', '', '2022-03-20 09:46:20.000000', 'admin', '2023-10-02 10:27:26.249000', 'ROLE_USER', '0', '', '学生', '0');
INSERT INTO `a_role` VALUES ('1536606659751841799', '', '2022-03-20 09:46:20.000000', 'admin', '2023-10-02 10:27:08.608000', 'ROLE_ADMIN', '0', '', '教务管理员', '0');

-- ----------------------------
-- Table structure for `a_role_permission`
-- ----------------------------
DROP TABLE IF EXISTS `a_role_permission`;
CREATE TABLE `a_role_permission` (
  `id` varchar(255) NOT NULL,
  `create_by` varchar(255) DEFAULT NULL,
  `create_time` datetime(6) DEFAULT NULL,
  `del_flag` int NOT NULL,
  `update_by` varchar(255) DEFAULT NULL,
  `update_time` datetime(6) DEFAULT NULL,
  `permission_id` varchar(255) DEFAULT NULL,
  `role_id` varchar(255) DEFAULT NULL,
  PRIMARY KEY (`id`)
) ENGINE=InnoDB DEFAULT CHARSET=utf8mb3;

-- ----------------------------
-- Records of a_role_permission
-- ----------------------------
INSERT INTO `a_role_permission` VALUES ('1464514325862551552', 'admin', '2022-03-20 09:46:20.000000', '0', 'admin', '2022-03-20 09:46:20.000000', '125909152017944576', '1536606659751841799');
INSERT INTO `a_role_permission` VALUES ('1464514325862551553', 'admin', '2022-03-20 09:46:20.000000', '0', 'admin', '2022-03-20 09:46:20.000000', '1464484663442673664', '1536606659751841799');
INSERT INTO `a_role_permission` VALUES ('1464514325862551554', 'admin', '2022-03-20 09:46:20.000000', '0', 'admin', '2022-03-20 09:46:20.000000', '5129710648430593', '1536606659751841799');
INSERT INTO `a_role_permission` VALUES ('1464514325862551564', 'admin', '2022-03-20 09:46:20.000000', '0', 'admin', '2022-03-20 09:46:20.000000', '40238597734928384', '1536606659751841799');
INSERT INTO `a_role_permission` VALUES ('1464514325862551569', 'admin', '2022-03-20 09:46:20.000000', '0', 'admin', '2022-03-20 09:46:20.000000', '56309618086776832', '1536606659751841799');
INSERT INTO `a_role_permission` VALUES ('1464514325862551584', 'admin', '2022-03-20 09:46:20.000000', '0', 'admin', '2022-03-20 09:46:20.000000', '5129710648430594', '1536606659751841799');
INSERT INTO `a_role_permission` VALUES ('1464514325862551590', 'admin', '2022-03-20 09:46:20.000000', '0', 'admin', '2022-03-20 09:46:20.000000', '5129710648430595', '1536606659751841799');
INSERT INTO `a_role_permission` VALUES ('1464514325862551595', 'admin', '2022-03-20 09:46:20.000000', '0', 'admin', '2022-03-20 09:46:20.000000', '41363147411427328', '1536606659751841799');
INSERT INTO `a_role_permission` VALUES ('1530689747004035072', 'admin', '2022-05-29 07:17:29.000000', '0', null, null, '1530689602321518592', '1536606659751841799');
INSERT INTO `a_role_permission` VALUES ('1536600292156641281', 'admin', '2022-06-14 14:43:53.000000', '0', null, null, '1536599942410407936', '1536606659751841799');
INSERT INTO `a_role_permission` VALUES ('1536600292173418496', 'admin', '2022-06-14 14:43:53.000000', '0', null, null, '1536600125332393984', '1536606659751841799');
INSERT INTO `a_role_permission` VALUES ('1536600292186001408', 'admin', '2022-06-14 14:43:53.000000', '0', null, null, '1536600268379131904', '1536606659751841799');
INSERT INTO `a_role_permission` VALUES ('1536604439178252292', 'admin', '2022-06-14 15:00:22.000000', '0', null, null, '1536604417711804416', '1536606659751841799');
INSERT INTO `a_role_permission` VALUES ('1536606659718287364', 'admin', '2022-06-14 15:09:11.000000', '0', null, null, '1536606273959759872', '1536606659751841799');
INSERT INTO `a_role_permission` VALUES ('1536606659730870272', 'admin', '2022-06-14 15:09:11.000000', '0', null, null, '1536606372668510208', '1536606659751841799');
INSERT INTO `a_role_permission` VALUES ('1536606659735064576', 'admin', '2022-06-14 15:09:11.000000', '0', null, null, '1536606464712511488', '1536606659751841799');
INSERT INTO `a_role_permission` VALUES ('1536606659743453184', 'admin', '2022-06-14 15:09:11.000000', '0', null, null, '1536606550951596032', '1536606659751841799');
INSERT INTO `a_role_permission` VALUES ('1536606659751841792', 'admin', '2022-06-14 15:09:11.000000', '0', null, null, '1536606637815631872', '1536606659751841799');
INSERT INTO `a_role_permission` VALUES ('1536875525769924610', 'admin', '2022-06-15 08:57:34.000000', '0', null, null, '1536875505901506560', '1536606659751841799');
INSERT INTO `a_role_permission` VALUES ('1663723894789509121', 'admin', '2023-05-31 09:47:41.676000', '0', null, null, '1663723467998105600', '1536606659751841799');
INSERT INTO `a_role_permission` VALUES ('1663723894827257856', 'admin', '2023-05-31 09:47:41.681000', '0', null, null, '1663723511849553920', '1536606659751841799');
INSERT INTO `a_role_permission` VALUES ('1663723894848229376', 'admin', '2023-05-31 09:47:41.686000', '0', null, null, '1663723538621796352', '1536606659751841799');
INSERT INTO `a_role_permission` VALUES ('1663725019009781777', 'admin', '2023-05-31 09:52:09.706000', '0', null, null, '1663724125664972800', '1536606659751841799');
INSERT INTO `a_role_permission` VALUES ('1663725019018170368', 'admin', '2023-05-31 09:52:09.707000', '0', null, null, '1663724149731889152', '1536606659751841799');
INSERT INTO `a_role_permission` VALUES ('1663725019022364672', 'admin', '2023-05-31 09:52:09.709000', '0', null, null, '1663724174398590976', '1536606659751841799');
INSERT INTO `a_role_permission` VALUES ('1663725019030753280', 'admin', '2023-05-31 09:52:09.710000', '0', null, null, '1663724230593875968', '1536606659751841799');
INSERT INTO `a_role_permission` VALUES ('1663725019034947584', 'admin', '2023-05-31 09:52:09.712000', '0', null, null, '1663724255319298048', '1536606659751841799');
INSERT INTO `a_role_permission` VALUES ('1663725019039141888', 'admin', '2023-05-31 09:52:09.713000', '0', null, null, '1663724279579152384', '1536606659751841799');
INSERT INTO `a_role_permission` VALUES ('1663725019047530496', 'admin', '2023-05-31 09:52:09.714000', '0', null, null, '1663724334755221504', '1536606659751841799');
INSERT INTO `a_role_permission` VALUES ('1663725019051724800', 'admin', '2023-05-31 09:52:09.716000', '0', null, null, '1663724386382909440', '1536606659751841799');
INSERT INTO `a_role_permission` VALUES ('1663725019055919104', 'admin', '2023-05-31 09:52:09.717000', '0', null, null, '1663724413914320896', '1536606659751841799');
INSERT INTO `a_role_permission` VALUES ('1663725019060113408', 'admin', '2023-05-31 09:52:09.718000', '0', null, null, '1663724441433149440', '1536606659751841799');
INSERT INTO `a_role_permission` VALUES ('1663725019064307712', 'admin', '2023-05-31 09:52:09.719000', '0', null, null, '1663724628767543296', '1536606659751841799');
INSERT INTO `a_role_permission` VALUES ('1663725019072696320', 'admin', '2023-05-31 09:52:09.720000', '0', null, null, '1663724665174102016', '1536606659751841799');
INSERT INTO `a_role_permission` VALUES ('1663725019076890624', 'admin', '2023-05-31 09:52:09.721000', '0', null, null, '1663724779984785408', '1536606659751841799');
INSERT INTO `a_role_permission` VALUES ('1663725019081084928', 'admin', '2023-05-31 09:52:09.723000', '0', null, null, '1663724805096083456', '1536606659751841799');
INSERT INTO `a_role_permission` VALUES ('1663725019085279232', 'admin', '2023-05-31 09:52:09.724000', '0', null, null, '1663724828114423808', '1536606659751841799');
INSERT INTO `a_role_permission` VALUES ('1663726203963576322', 'admin', '2023-05-31 09:56:52.221000', '0', null, null, '1663726175089987584', '1536606659751841799');
INSERT INTO `a_role_permission` VALUES ('1663726279024840704', 'admin', '2023-05-31 09:57:10.117000', '0', null, null, '125909152017944576', '1536606659751841795');
INSERT INTO `a_role_permission` VALUES ('1663726279070978050', 'admin', '2023-05-31 09:57:10.127000', '0', null, null, '1536599942410407936', '1536606659751841795');
INSERT INTO `a_role_permission` VALUES ('1663726279070978051', 'admin', '2023-05-31 09:57:10.127000', '0', null, null, '1536600125332393984', '1536606659751841795');
INSERT INTO `a_role_permission` VALUES ('1663726279070978052', 'admin', '2023-05-31 09:57:10.127000', '0', null, null, '1536600268379131904', '1536606659751841795');
INSERT INTO `a_role_permission` VALUES ('1663726279070978053', 'admin', '2023-05-31 09:57:10.127000', '0', null, null, '1536604417711804416', '1536606659751841795');
INSERT INTO `a_role_permission` VALUES ('1663726279070978054', 'admin', '2023-05-31 09:57:10.134000', '0', null, null, '1536606273959759872', '1536606659751841795');
INSERT INTO `a_role_permission` VALUES ('1663726279100338176', 'admin', '2023-05-31 09:57:10.135000', '0', null, null, '1536606372668510208', '1536606659751841795');
INSERT INTO `a_role_permission` VALUES ('1663726279112921088', 'admin', '2023-05-31 09:57:10.137000', '0', null, null, '1536606464712511488', '1536606659751841795');
INSERT INTO `a_role_permission` VALUES ('1663726279112921089', 'admin', '2023-05-31 09:57:10.137000', '0', null, null, '1536606550951596032', '1536606659751841795');
INSERT INTO `a_role_permission` VALUES ('1663726279112921090', 'admin', '2023-05-31 09:57:10.137000', '0', null, null, '1536606637815631872', '1536606659751841795');
INSERT INTO `a_role_permission` VALUES ('1663726279112921091', 'admin', '2023-05-31 09:57:10.137000', '0', null, null, '1536875505901506560', '1536606659751841795');
INSERT INTO `a_role_permission` VALUES ('1708670081225068544', 'admin', '2023-10-02 10:27:47.579000', '0', null, null, '1633741726566977536', '1536606659751841799');
INSERT INTO `a_role_permission` VALUES ('1708670081241845760', 'admin', '2023-10-02 10:27:47.582000', '0', null, null, '1633741814378926080', '1536606659751841799');
INSERT INTO `a_role_permission` VALUES ('1708670081254428672', 'admin', '2023-10-02 10:27:47.584000', '0', null, null, '1634023108371419136', '1536606659751841799');
INSERT INTO `a_role_permission` VALUES ('1708670081267011584', 'admin', '2023-10-02 10:27:47.586000', '0', null, null, '1634023137060458496', '1536606659751841799');
INSERT INTO `a_role_permission` VALUES ('1708670081271205888', 'admin', '2023-10-02 10:27:47.589000', '0', null, null, '1634023164956774400', '1536606659751841799');
INSERT INTO `a_role_permission` VALUES ('1708670081287983104', 'admin', '2023-10-02 10:27:47.594000', '0', null, null, '1634023239103680512', '1536606659751841799');
INSERT INTO `a_role_permission` VALUES ('1708670081304760320', 'admin', '2023-10-02 10:27:47.596000', '0', null, null, '1634023301795942400', '1536606659751841799');
INSERT INTO `a_role_permission` VALUES ('1708670081317343232', 'admin', '2023-10-02 10:27:47.600000', '0', null, null, '1633741933077729280', '1536606659751841799');
INSERT INTO `a_role_permission` VALUES ('1708670081329926144', 'admin', '2023-10-02 10:27:47.602000', '0', null, null, '1633742047582228480', '1536606659751841799');
INSERT INTO `a_role_permission` VALUES ('1708670081338314752', 'admin', '2023-10-02 10:27:47.605000', '0', null, null, '1634023351347449856', '1536606659751841799');
INSERT INTO `a_role_permission` VALUES ('1708670081355091968', 'admin', '2023-10-02 10:27:47.609000', '0', null, null, '1634023383710699520', '1536606659751841799');
INSERT INTO `a_role_permission` VALUES ('1708670081371869184', 'admin', '2023-10-02 10:27:47.612000', '0', null, null, '1634023416598237184', '1536606659751841799');
INSERT INTO `a_role_permission` VALUES ('1708670081380257792', 'admin', '2023-10-02 10:27:47.616000', '0', null, null, '1633742255842004992', '1536606659751841799');
INSERT INTO `a_role_permission` VALUES ('1708670081397035008', 'admin', '2023-10-02 10:27:47.618000', '0', null, null, '1633742360347283456', '1536606659751841799');
INSERT INTO `a_role_permission` VALUES ('1708670081405423616', 'admin', '2023-10-02 10:27:47.621000', '0', null, null, '1634023490900332544', '1536606659751841799');
INSERT INTO `a_role_permission` VALUES ('1708670081418006528', 'admin', '2023-10-02 10:27:47.624000', '0', null, null, '1634023564665556992', '1536606659751841799');
INSERT INTO `a_role_permission` VALUES ('1708670081434783744', 'admin', '2023-10-02 10:27:47.628000', '0', null, null, '1634023595514662912', '1536606659751841799');
INSERT INTO `a_role_permission` VALUES ('1708670081459949568', 'admin', '2023-10-02 10:27:47.634000', '0', null, null, '1633742494619537408', '1536606659751841799');
INSERT INTO `a_role_permission` VALUES ('1708670081472532480', 'admin', '2023-10-02 10:27:47.636000', '0', null, null, '1633742556745568256', '1536606659751841799');
INSERT INTO `a_role_permission` VALUES ('1708670081476726784', 'admin', '2023-10-02 10:27:47.638000', '0', null, null, '1634023710753165312', '1536606659751841799');
INSERT INTO `a_role_permission` VALUES ('1708670081485115392', 'admin', '2023-10-02 10:27:47.640000', '0', null, null, '1634023741417721856', '1536606659751841799');
INSERT INTO `a_role_permission` VALUES ('1708670081501892608', 'admin', '2023-10-02 10:27:47.644000', '0', null, null, '1633742673821175808', '1536606659751841799');
INSERT INTO `a_role_permission` VALUES ('1708670081518669824', 'admin', '2023-10-02 10:27:47.647000', '0', null, null, '1633742731975200768', '1536606659751841799');
INSERT INTO `a_role_permission` VALUES ('1708670081527058432', 'admin', '2023-10-02 10:27:47.650000', '0', null, null, '1634023834195726336', '1536606659751841799');
INSERT INTO `a_role_permission` VALUES ('1708670081539641344', 'admin', '2023-10-02 10:27:47.652000', '0', null, null, '1634021697231392768', '1536606659751841799');
INSERT INTO `a_role_permission` VALUES ('1708670081548029952', 'admin', '2023-10-02 10:27:47.654000', '0', null, null, '1634021781109084160', '1536606659751841799');
INSERT INTO `a_role_permission` VALUES ('1708670210166362124', 'admin', '2023-10-02 10:28:18.320000', '0', null, null, '1633741726566977536', '1536606659751841795');
INSERT INTO `a_role_permission` VALUES ('1708670210178945024', 'admin', '2023-10-02 10:28:18.323000', '0', null, null, '1633741814378926080', '1536606659751841795');
INSERT INTO `a_role_permission` VALUES ('1708670210195722240', 'admin', '2023-10-02 10:28:18.326000', '0', null, null, '1634023239103680512', '1536606659751841795');
INSERT INTO `a_role_permission` VALUES ('1708670210204110848', 'admin', '2023-10-02 10:28:18.330000', '0', null, null, '1633741933077729280', '1536606659751841795');
INSERT INTO `a_role_permission` VALUES ('1708670210220888064', 'admin', '2023-10-02 10:28:18.333000', '0', null, null, '1633742047582228480', '1536606659751841795');
INSERT INTO `a_role_permission` VALUES ('1708670210233470976', 'admin', '2023-10-02 10:28:18.335000', '0', null, null, '1633742255842004992', '1536606659751841795');
INSERT INTO `a_role_permission` VALUES ('1708670210241859584', 'admin', '2023-10-02 10:28:18.337000', '0', null, null, '1634008127965892608', '1536606659751841795');
INSERT INTO `a_role_permission` VALUES ('1708670210250248192', 'admin', '2023-10-02 10:28:18.340000', '0', null, null, '1633742494619537408', '1536606659751841795');
INSERT INTO `a_role_permission` VALUES ('1708670210267025408', 'admin', '2023-10-02 10:28:18.344000', '0', null, null, '1633742556745568256', '1536606659751841795');
INSERT INTO `a_role_permission` VALUES ('1708670210279608320', 'admin', '2023-10-02 10:28:18.347000', '0', null, null, '1634023741417721856', '1536606659751841795');
INSERT INTO `a_role_permission` VALUES ('1708670210292191232', 'admin', '2023-10-02 10:28:18.349000', '0', null, null, '1633742673821175808', '1536606659751841795');
INSERT INTO `a_role_permission` VALUES ('1708670210300579840', 'admin', '2023-10-02 10:28:18.351000', '0', null, null, '1633742731975200768', '1536606659751841795');

-- ----------------------------
-- Table structure for `a_setting`
-- ----------------------------
DROP TABLE IF EXISTS `a_setting`;
CREATE TABLE `a_setting` (
  `id` varchar(255) NOT NULL,
  `create_by` varchar(255) DEFAULT NULL,
  `create_time` datetime(6) DEFAULT NULL,
  `del_flag` int NOT NULL,
  `update_by` varchar(255) DEFAULT NULL,
  `update_time` datetime(6) DEFAULT NULL,
  `value` varchar(255) DEFAULT NULL,
  PRIMARY KEY (`id`)
) ENGINE=InnoDB DEFAULT CHARSET=utf8mb3;

-- ----------------------------
-- Records of a_setting
-- ----------------------------
INSERT INTO `a_setting` VALUES ('FILE_HTTP', 'admin', '2023-05-16 14:37:41.000000', '0', 'admin', '2022-05-28 15:57:20.000000', 'http://');
INSERT INTO `a_setting` VALUES ('FILE_PATH', 'admin', '2023-05-16 14:37:40.000000', '0', 'admin', '2022-05-28 15:57:19.000000', 'C:\\\\oa-file');
INSERT INTO `a_setting` VALUES ('FILE_VIEW', 'admin', '2023-05-16 14:37:40.000000', '0', 'admin', '2022-05-28 15:57:20.000000', '127.0.0.1:8080/zwz/file/view');

-- ----------------------------
-- Table structure for `a_student`
-- ----------------------------
DROP TABLE IF EXISTS `a_student`;
CREATE TABLE `a_student` (
  `id` varchar(255) CHARACTER SET utf8 COLLATE utf8_croatian_ci NOT NULL,
  `create_by` varchar(255) CHARACTER SET utf8 COLLATE utf8_croatian_ci DEFAULT NULL,
  `create_time` datetime(6) DEFAULT NULL,
  `del_flag` int NOT NULL,
  `update_by` varchar(255) CHARACTER SET utf8 COLLATE utf8_croatian_ci DEFAULT NULL,
  `update_time` datetime(6) DEFAULT NULL,
  `name` varchar(255) CHARACTER SET utf8 COLLATE utf8_croatian_ci DEFAULT NULL,
  `number` varchar(255) CHARACTER SET utf8 COLLATE utf8_croatian_ci DEFAULT NULL,
  `school` varchar(255) CHARACTER SET utf8 COLLATE utf8_croatian_ci DEFAULT NULL,
  `sex` varchar(255) CHARACTER SET utf8 COLLATE utf8_croatian_ci DEFAULT NULL,
  `age` decimal(38,2) DEFAULT NULL,
  PRIMARY KEY (`id`)
) ENGINE=InnoDB DEFAULT CHARSET=utf8mb3 COLLATE=utf8_croatian_ci;

-- ----------------------------
-- Records of a_student
-- ----------------------------
INSERT INTO `a_student` VALUES ('1536601255475023872', 'admin', '2022-06-14 14:47:42.637000', '0', null, null, '张三', '001', '北京大学', '男', '18.00');
INSERT INTO `a_student` VALUES ('1536601308352614400', 'admin', '2022-06-14 14:47:55.244000', '0', null, null, '李四', '002', '清华大学', '女', '19.00');
INSERT INTO `a_student` VALUES ('1536601388044390400', 'admin', '2022-06-14 14:48:14.243000', '0', null, null, '王五', '003', '浙江大学', '男', '20.00');
INSERT INTO `a_student` VALUES ('1536601469879455744', 'admin', '2022-06-14 14:48:33.753000', '0', null, null, '赵六', '004', '宁波大学', '保密', '21.00');

-- ----------------------------
-- Table structure for `a_teacher`
-- ----------------------------
DROP TABLE IF EXISTS `a_teacher`;
CREATE TABLE `a_teacher` (
  `id` varchar(255) CHARACTER SET utf8 COLLATE utf8_croatian_ci NOT NULL,
  `create_by` varchar(255) CHARACTER SET utf8 COLLATE utf8_croatian_ci DEFAULT NULL,
  `create_time` datetime(6) DEFAULT NULL,
  `del_flag` int NOT NULL,
  `update_by` varchar(255) CHARACTER SET utf8 COLLATE utf8_croatian_ci DEFAULT NULL,
  `update_time` datetime(6) DEFAULT NULL,
  `age` decimal(38,2) DEFAULT NULL,
  `autograph` varchar(255) CHARACTER SET utf8 COLLATE utf8_croatian_ci DEFAULT NULL,
  `education` varchar(255) CHARACTER SET utf8 COLLATE utf8_croatian_ci DEFAULT NULL,
  `graduated` varchar(255) CHARACTER SET utf8 COLLATE utf8_croatian_ci DEFAULT NULL,
  `name` varchar(255) CHARACTER SET utf8 COLLATE utf8_croatian_ci DEFAULT NULL,
  `remark` varchar(255) CHARACTER SET utf8 COLLATE utf8_croatian_ci DEFAULT NULL,
  `status` varchar(255) CHARACTER SET utf8 COLLATE utf8_croatian_ci DEFAULT NULL,
  `wages` decimal(38,2) DEFAULT NULL,
  `resume` varchar(255) CHARACTER SET utf8 COLLATE utf8_croatian_ci DEFAULT NULL,
  PRIMARY KEY (`id`)
) ENGINE=InnoDB DEFAULT CHARSET=utf8mb3 COLLATE=utf8_croatian_ci;

-- ----------------------------
-- Records of a_teacher
-- ----------------------------
INSERT INTO `a_teacher` VALUES ('1536614275123122176', 'admin', '2022-06-14 15:39:26.000000', '0', 'admin', '2023-05-31 10:05:23.579000', '30.00', 'https://asoa-1305425069.cos.ap-shanghai.myqcloud.com/1669635627773202432.png', '博士', '同济大学', '张三', '测试', '在职', '9960.00', 'https://asoa-1305425069.cos.ap-shanghai.myqcloud.com/1669635627773202432.png');
INSERT INTO `a_teacher` VALUES ('1536614275123122177', 'admin', '2022-06-14 15:39:26.000000', '0', 'admin', '2022-06-14 15:41:09.841000', '30.00', 'https://asoa-1305425069.cos.ap-shanghai.myqcloud.com/1669635627773202432.png', '本科', '同济大学', '李四', '测试', '在职', '7778.00', 'https://asoa-1305425069.cos.ap-shanghai.myqcloud.com/1669635627773202432.png');
INSERT INTO `a_teacher` VALUES ('1536614275123122178', 'admin', '2022-06-14 15:39:26.000000', '0', 'admin', '2022-06-14 15:41:09.841000', '30.00', 'https://asoa-1305425069.cos.ap-shanghai.myqcloud.com/1669635627773202432.png', '硕士', '同济大学', '王五', '测试', '在职', '8889.00', 'https://asoa-1305425069.cos.ap-shanghai.myqcloud.com/1669635627773202432.png');
INSERT INTO `a_teacher` VALUES ('1536614275123122179', 'admin', '2022-06-14 15:39:26.000000', '0', 'admin', '2022-06-14 15:41:09.841000', '30.00', 'https://asoa-1305425069.cos.ap-shanghai.myqcloud.com/1669635627773202432.png', '硕士', '同济大学', '赵六', '测试', '在职', '4445.00', 'https://asoa-1305425069.cos.ap-shanghai.myqcloud.com/1669635627773202432.png');
INSERT INTO `a_teacher` VALUES ('1536614275123122180', 'admin', '2022-06-14 15:39:26.000000', '0', 'admin', '2022-06-14 15:41:09.841000', '30.00', 'https://asoa-1305425069.cos.ap-shanghai.myqcloud.com/1669635627773202432.png', '专科', '同济大学', '郑七', '测试', '在职', '1118.00', 'https://asoa-1305425069.cos.ap-shanghai.myqcloud.com/1669635627773202432.png');
INSERT INTO `a_teacher` VALUES ('1536614275123122181', 'admin', '2022-06-14 15:39:26.000000', '0', 'admin', '2022-06-14 15:41:09.841000', '30.00', 'https://asoa-1305425069.cos.ap-shanghai.myqcloud.com/1669635627773202432.png', '专科', '同济大学', '龚八', '测试', '在职', '3337.00', 'https://asoa-1305425069.cos.ap-shanghai.myqcloud.com/1669635627773202432.png');

-- ----------------------------
-- Table structure for `a_timetable`
-- ----------------------------
DROP TABLE IF EXISTS `a_timetable`;
CREATE TABLE `a_timetable` (
  `id` varchar(255) CHARACTER SET utf8 COLLATE utf8_croatian_ci NOT NULL,
  `create_by` varchar(255) CHARACTER SET utf8 COLLATE utf8_croatian_ci DEFAULT NULL,
  `create_time` datetime(6) DEFAULT NULL,
  `del_flag` int NOT NULL,
  `update_by` varchar(255) CHARACTER SET utf8 COLLATE utf8_croatian_ci DEFAULT NULL,
  `update_time` datetime(6) DEFAULT NULL,
  `curriculum_id` varchar(255) CHARACTER SET utf8 COLLATE utf8_croatian_ci DEFAULT NULL,
  `curriculum_name` varchar(255) CHARACTER SET utf8 COLLATE utf8_croatian_ci DEFAULT NULL,
  `date` varchar(255) CHARACTER SET utf8 COLLATE utf8_croatian_ci DEFAULT NULL,
  `user_id` varchar(255) CHARACTER SET utf8 COLLATE utf8_croatian_ci DEFAULT NULL,
  `user_name` varchar(255) CHARACTER SET utf8 COLLATE utf8_croatian_ci DEFAULT NULL,
  `work_user` varchar(255) CHARACTER SET utf8 COLLATE utf8_croatian_ci DEFAULT NULL,
  PRIMARY KEY (`id`)
) ENGINE=InnoDB DEFAULT CHARSET=utf8mb3 COLLATE=utf8_croatian_ci;

-- ----------------------------
-- Records of a_timetable
-- ----------------------------
INSERT INTO `a_timetable` VALUES ('1708671496458735616', 'admin', '2023-10-02 10:33:25.004000', '0', null, null, '1633746364720615424', 'Java程序设计', '2023-10-01', '1464764315201572865', '用户A', '管理员');
INSERT INTO `a_timetable` VALUES ('1708671525122609152', 'admin', '2023-10-02 10:33:31.836000', '0', null, null, '1633746435046510592', 'Python程序设计', '2023-10-02', '1464772465946398721', '用户B', '管理员');
INSERT INTO `a_timetable` VALUES ('1708671546035408896', 'admin', '2023-10-02 10:33:36.831000', '0', null, null, '1633746435046510593', 'C++程序设计', '2023-10-03', '1527830053524738048', '用户C', '管理员');

-- ----------------------------
-- Table structure for `a_user`
-- ----------------------------
DROP TABLE IF EXISTS `a_user`;
CREATE TABLE `a_user` (
  `id` varchar(255) NOT NULL,
  `create_by` varchar(255) DEFAULT NULL,
  `create_time` datetime(6) DEFAULT NULL,
  `update_by` varchar(255) DEFAULT NULL,
  `update_time` datetime(6) DEFAULT NULL,
  `address` varchar(255) DEFAULT NULL,
  `avatar` varchar(255) DEFAULT NULL,
  `description` varchar(255) DEFAULT NULL,
  `email` varchar(255) DEFAULT NULL,
  `mobile` varchar(255) DEFAULT NULL,
  `nickname` varchar(20) NOT NULL,
  `password` varchar(255) DEFAULT NULL,
  `sex` varchar(255) DEFAULT NULL,
  `status` int DEFAULT NULL,
  `type` int DEFAULT NULL,
  `username` varchar(255) DEFAULT NULL,
  `del_flag` int NOT NULL,
  `department_id` varchar(255) DEFAULT NULL,
  `street` varchar(255) DEFAULT NULL,
  `pass_strength` varchar(2) DEFAULT NULL,
  `department_title` varchar(255) DEFAULT NULL,
  `birth` datetime(6) DEFAULT NULL,
  `my_door` varchar(255) DEFAULT NULL,
  PRIMARY KEY (`id`),
  UNIQUE KEY `username` (`username`) USING BTREE,
  UNIQUE KEY `email` (`email`) USING BTREE,
  UNIQUE KEY `mobile` (`mobile`) USING BTREE,
  KEY `create_time` (`create_time`) USING BTREE
) ENGINE=InnoDB DEFAULT CHARSET=utf8mb3;

-- ----------------------------
-- Records of a_user
-- ----------------------------
INSERT INTO `a_user` VALUES ('1464764315201572864', '', '2022-03-20 09:46:20.000000', 'admin', '2024-06-13 09:38:39.935000', '[\"330000\",\"330600\",\"330602\"]', 'http://127.0.0.1:8080/zwz/file/view/1801066583913795584', '浙江大学', '916077357@qq.com', '17857054388', '管理员', '$2a$10$PS04ecXfknNd3V8d.ymLTObQciapMU4xU8.GADBZZsuTZr7ymnagy', '男', '0', '1', 'admin', '0', '1464487288363945985', '', '弱', '部门A', '2023-05-16 14:36:38.000000', '');
INSERT INTO `a_user` VALUES ('1464764315201572865', '', '2022-03-20 09:46:20.000000', 'admin', '2024-06-13 09:39:13.993000', '[\"110000\",\"110100\",\"110105\"]', 'http://127.0.0.1:8080/zwz/file/view/1801066762851192832', '浙江大学', '13600000001@qq.com', '13600000001', '用户A', '$2a$10$E59nactOiILAzQvfcs0JFOYuZp06d4bLhugEadyQuygpmiLc0W.ha', '女', '0', '0', '13600000001', '0', '1464487288363945985', '', '弱', '部门A', '2023-05-16 14:35:43.000000', '');
INSERT INTO `a_user` VALUES ('1464772465946398721', '', '2022-03-20 09:46:20.000000', 'admin', '2024-06-13 09:39:09.109000', '[\"110000\",\"110100\",\"110105\"]', 'http://127.0.0.1:8080/zwz/file/view/1801066741741260800', '浙江大学', '13600000002@qq.com', '13600000002', '用户B', '$2a$10$vJyLo1RhFORH/SAu3sc9aeb37I5JRy5UugaN7fIt/e2vvsz6JWJCm', '女', '0', '0', '13600000002', '0', '1464487288363945985', '', '弱', '部门A', '2023-05-16 14:35:44.000000', '');
INSERT INTO `a_user` VALUES ('1527830053524738048', 'admin', '2022-05-21 09:54:05.000000', 'admin', '2024-06-13 09:39:02.422000', '[\"110000\",\"110100\",\"110106\"]', 'http://127.0.0.1:8080/zwz/file/view/1801066714872549376', '浙江大学', '13600000003@qq.com', '13600000003', '用户C', '$2a$10$oeP4aplYnswfQ44pK6lAO.Np9BuPYJGRwo17THO7CUNlIQoVGsPmy', '男', '0', '0', '13600000003', '0', '1464487288363945985', '', '弱', '部门A', '2023-05-16 14:35:44.000000', '');

-- ----------------------------
-- Table structure for `a_user_role`
-- ----------------------------
DROP TABLE IF EXISTS `a_user_role`;
CREATE TABLE `a_user_role` (
  `id` varchar(255) NOT NULL,
  `create_by` varchar(255) DEFAULT NULL,
  `create_time` datetime(6) DEFAULT NULL,
  `del_flag` int NOT NULL,
  `update_by` varchar(255) DEFAULT NULL,
  `update_time` datetime(6) DEFAULT NULL,
  `role_id` varchar(255) DEFAULT NULL,
  `user_id` varchar(255) DEFAULT NULL,
  PRIMARY KEY (`id`)
) ENGINE=InnoDB DEFAULT CHARSET=utf8mb3;

-- ----------------------------
-- Records of a_user_role
-- ----------------------------
INSERT INTO `a_user_role` VALUES ('1464487931975700480', 'admin', '2022-03-20 09:46:20.000000', '0', 'admin', '2022-03-20 09:46:20.000000', '1536606659751841799', '1464764315201572864');
INSERT INTO `a_user_role` VALUES ('1526802492967489537', null, '2022-05-18 13:50:56.000000', '0', null, null, '1536606659751841795', '1526802492443201536');
INSERT INTO `a_user_role` VALUES ('1526819095553642497', null, '2022-05-18 14:56:54.000000', '0', null, null, '1536606659751841795', '1526819095159377920');
INSERT INTO `a_user_role` VALUES ('1801066717976334336', 'admin', '2024-06-13 09:39:02.426000', '0', null, null, '1536606659751841795', '1527830053524738048');
INSERT INTO `a_user_role` VALUES ('1801066746036228096', 'admin', '2024-06-13 09:39:09.117000', '0', null, null, '1536606659751841795', '1464772465946398721');
INSERT INTO `a_user_role` VALUES ('1801066766525403136', 'admin', '2024-06-13 09:39:14.003000', '0', null, null, '1536606659751841795', '1464764315201572865');
